Date,SST
1-Jan-07,17.9
2-Jan-07,17.9
3-Jan-07,17.7
4-Jan-07,17.5
5-Jan-07,17.4
6-Jan-07,17.4
7-Jan-07,17.2
8-Jan-07,17.2
9-Jan-07,16.8
10-Jan-07,17.1
11-Jan-07,16.8
12-Jan-07,16.8
13-Jan-07,16.5
14-Jan-07,16.7
15-Jan-07,16.7
16-Jan-07,16.9
17-Jan-07,16.6
18-Jan-07,16.7
19-Jan-07,16.7
20-Jan-07,16.6
21-Jan-07,16.9
22-Jan-07,16.8
23-Jan-07,16.6
24-Jan-07,16.6
25-Jan-07,16.3
26-Jan-07,16.6
27-Jan-07,16.5
28-Jan-07,16
29-Jan-07,16.1
30-Jan-07,16.2
31-Jan-07,16.1
1-Feb-07,16
2-Feb-07,16.1
3-Feb-07,16.2
4-Feb-07,16.2
5-Feb-07,16.2
6-Feb-07,15.8
7-Feb-07,15.8
8-Feb-07,15.9
9-Feb-07,15.7
10-Feb-07,15.8
11-Feb-07,16
12-Feb-07,15.6
13-Feb-07,15.9
14-Feb-07,16.1
15-Feb-07,15.8
16-Feb-07,15.7
17-Feb-07,15.9
18-Feb-07,15.9
19-Feb-07,15.8
20-Feb-07,15.7
21-Feb-07,15.8
22-Feb-07,15.8
23-Feb-07,15.5
24-Feb-07,15.3
25-Feb-07,15.7
26-Feb-07,15.6
27-Feb-07,15.4
28-Feb-07,15.4
1-Mar-07,15.8
2-Mar-07,15.8
3-Mar-07,15.7
4-Mar-07,15.7
5-Mar-07,16
6-Mar-07,15.9
7-Mar-07,15.9
8-Mar-07,16
9-Mar-07,16.1
10-Mar-07,16.1
11-Mar-07,16.4
12-Mar-07,16.4
13-Mar-07,16.4
14-Mar-07,16.4
15-Mar-07,16.3
16-Mar-07,16.2
17-Mar-07,16.2
18-Mar-07,16.3
19-Mar-07,16.3
20-Mar-07,16.2
21-Mar-07,16.1
22-Mar-07,16
23-Mar-07,16.4
24-Mar-07,16.2
25-Mar-07,16.2
26-Mar-07,16.5
27-Mar-07,16.6
28-Mar-07,16.8
29-Mar-07,16.5
30-Mar-07,16.2
31-Mar-07,16.3
1-Apr-07,16.6
2-Apr-07,16.7
3-Apr-07,16.6
4-Apr-07,16.7
5-Apr-07,16.4
6-Apr-07,16.4
7-Apr-07,16.8
8-Apr-07,16.9
9-Apr-07,17.1
10-Apr-07,17.1
11-Apr-07,17.1
12-Apr-07,17
13-Apr-07,17
14-Apr-07,17.1
15-Apr-07,17.3
16-Apr-07,17.3
17-Apr-07,17
18-Apr-07,16.9
19-Apr-07,16.8
20-Apr-07,16.9
21-Apr-07,17
22-Apr-07,17.2
23-Apr-07,17.3
24-Apr-07,17.5
25-Apr-07,17.5
26-Apr-07,17.6
27-Apr-07,17.8
28-Apr-07,17.9
29-Apr-07,18.2
30-Apr-07,18.3
1-May-07,18.4
2-May-07,18.2
3-May-07,18.6
4-May-07,18.7
5-May-07,19.3
6-May-07,20.1
7-May-07,20.1
8-May-07,20.3
9-May-07,20
10-May-07,20
11-May-07,19.8
12-May-07,19.9
13-May-07,20.1
14-May-07,20.4
15-May-07,21
16-May-07,21.1
17-May-07,21.2
18-May-07,21.1
19-May-07,21
20-May-07,21
21-May-07,21.2
22-May-07,21.3
23-May-07,21.6
24-May-07,22.1
25-May-07,22.1
26-May-07,22.2
27-May-07,22.3
28-May-07,22.3
29-May-07,21.7
30-May-07,22
31-May-07,21.9
1-Jun-07,22.1
2-Jun-07,22.1
3-Jun-07,22.4
4-Jun-07,22.8
5-Jun-07,22.8
6-Jun-07,22.8
7-Jun-07,22.8
8-Jun-07,23.3
9-Jun-07,23.4
10-Jun-07,23.6
11-Jun-07,23.6
12-Jun-07,23.6
13-Jun-07,23.9
14-Jun-07,24.1
15-Jun-07,24.3
16-Jun-07,24.5
17-Jun-07,24.6
18-Jun-07,24.9
19-Jun-07,25.1
20-Jun-07,25.1
21-Jun-07,25.3
22-Jun-07,25
23-Jun-07,25.4
24-Jun-07,25.9
25-Jun-07,26
26-Jun-07,26.1
27-Jun-07,26.2
28-Jun-07,26.5
29-Jun-07,26.6
30-Jun-07,26.4
1-Jul-07,27.1
2-Jul-07,27.1
3-Jul-07,26.6
4-Jul-07,26.5
5-Jul-07,26.8
6-Jul-07,26.8
7-Jul-07,26.9
8-Jul-07,26.9
9-Jul-07,26.7
10-Jul-07,26.9
11-Jul-07,27
12-Jul-07,27.1
13-Jul-07,27.2
14-Jul-07,27.4
15-Jul-07,27.2
16-Jul-07,27.2
17-Jul-07,27.1
18-Jul-07,26.8
19-Jul-07,27.1
20-Jul-07,27.1
21-Jul-07,27.4
22-Jul-07,27.7
23-Jul-07,27.7
24-Jul-07,28.1
25-Jul-07,28.1
26-Jul-07,28.5
27-Jul-07,29
28-Jul-07,29
29-Jul-07,28.9
30-Jul-07,29.3
31-Jul-07,29.3
1-Aug-07,29
2-Aug-07,29.1
3-Aug-07,29.4
4-Aug-07,29.4
5-Aug-07,29.2
6-Aug-07,29.2
7-Aug-07,29
8-Aug-07,28.6
9-Aug-07,28.5
10-Aug-07,29.2
11-Aug-07,29.2
12-Aug-07,28.8
13-Aug-07,28.7
14-Aug-07,28.7
15-Aug-07,28.8
16-Aug-07,28.8
17-Aug-07,28.9
18-Aug-07,29.1
19-Aug-07,29.1
20-Aug-07,29.1
21-Aug-07,29.1
22-Aug-07,29.4
23-Aug-07,29.5
24-Aug-07,29.2
25-Aug-07,29
26-Aug-07,29
27-Aug-07,29.3
28-Aug-07,29.2
29-Aug-07,29
30-Aug-07,29.4
31-Aug-07,29.2
1-Sep-07,29.3
2-Sep-07,29.2
3-Sep-07,29.2
4-Sep-07,29
5-Sep-07,29.3
6-Sep-07,29
7-Sep-07,28.7
8-Sep-07,28.6
9-Sep-07,27.9
10-Sep-07,27.4
11-Sep-07,27.4
12-Sep-07,27.4
13-Sep-07,27
14-Sep-07,26.8
15-Sep-07,26.8
16-Sep-07,26.9
17-Sep-07,26.7
18-Sep-07,26.9
19-Sep-07,27
20-Sep-07,26.8
21-Sep-07,26.7
22-Sep-07,26.8
23-Sep-07,26.8
24-Sep-07,26.8
25-Sep-07,26.7
26-Sep-07,26.3
27-Sep-07,26.8
28-Sep-07,26.6
29-Sep-07,26.6
30-Sep-07,26.4
1-Oct-07,26.5
2-Oct-07,26.4
3-Oct-07,26.3
4-Oct-07,26.4
5-Oct-07,26.4
6-Oct-07,26.2
7-Oct-07,26.4
8-Oct-07,26.3
9-Oct-07,26.2
10-Oct-07,25.9
11-Oct-07,25.8
12-Oct-07,26
13-Oct-07,26
14-Oct-07,26
15-Oct-07,25.6
16-Oct-07,25.3
17-Oct-07,24.9
18-Oct-07,24.8
19-Oct-07,24.7
20-Oct-07,24.6
21-Oct-07,24.4
22-Oct-07,24.3
23-Oct-07,24.2
24-Oct-07,24.3
25-Oct-07,24.3
26-Oct-07,24.9
27-Oct-07,24.7
28-Oct-07,24.5
29-Oct-07,24.2
30-Oct-07,24.3
31-Oct-07,24
1-Nov-07,23.9
2-Nov-07,23.9
3-Nov-07,23.9
4-Nov-07,23.8
5-Nov-07,23.7
6-Nov-07,23.5
7-Nov-07,23.3
8-Nov-07,23.1
9-Nov-07,22.7
10-Nov-07,22.5
11-Nov-07,22.1
12-Nov-07,21.7
13-Nov-07,21.5
14-Nov-07,21.3
15-Nov-07,21.3
16-Nov-07,21.5
17-Nov-07,21.8
18-Nov-07,21.7
19-Nov-07,21.6
20-Nov-07,21.3
21-Nov-07,21.3
22-Nov-07,21.1
23-Nov-07,20.9
24-Nov-07,20.8
25-Nov-07,21.1
26-Nov-07,21
27-Nov-07,20.8
28-Nov-07,20.6
29-Nov-07,20.6
30-Nov-07,20.6
1-Dec-07,20.7
2-Dec-07,20.7
3-Dec-07,20.5
4-Dec-07,20.6
5-Dec-07,20.5
6-Dec-07,20.2
7-Dec-07,20.3
8-Dec-07,20.2
9-Dec-07,20.4
10-Dec-07,20.4
11-Dec-07,20.2
12-Dec-07,20.2
13-Dec-07,20.2
14-Dec-07,20.1
15-Dec-07,20.2
16-Dec-07,20.1
17-Dec-07,19.6
18-Dec-07,20
19-Dec-07,20
20-Dec-07,19.9
21-Dec-07,19.8
22-Dec-07,20.2
23-Dec-07,20
24-Dec-07,19.8
25-Dec-07,19.6
26-Dec-07,19.4
27-Dec-07,19.2
28-Dec-07,19.1
29-Dec-07,18.9
30-Dec-07,18.7
31-Dec-07,18.6
1-Jan-08,18.5
2-Jan-08,18.3
3-Jan-08,18.7
4-Jan-08,19.1
5-Jan-08,18.8
6-Jan-08,18.7
7-Jan-08,18.8
8-Jan-08,19
9-Jan-08,18.9
10-Jan-08,18.2
11-Jan-08,18.1
12-Jan-08,18.1
13-Jan-08,18.1
14-Jan-08,18
15-Jan-08,18
16-Jan-08,17.8
17-Jan-08,17.7
18-Jan-08,17.9
19-Jan-08,17.8
20-Jan-08,17.7
21-Jan-08,17.8
22-Jan-08,17.6
23-Jan-08,17.5
24-Jan-08,17.8
25-Jan-08,17.8
26-Jan-08,17.4
27-Jan-08,17.3
28-Jan-08,17
29-Jan-08,16.7
30-Jan-08,16.9
31-Jan-08,16.9
1-Feb-08,16.8
2-Feb-08,16.7
3-Feb-08,16.9
4-Feb-08,16.8
5-Feb-08,16.8
6-Feb-08,16.9
7-Feb-08,16.9
8-Feb-08,16.7
9-Feb-08,16.5
10-Feb-08,16.8
11-Feb-08,16.6
12-Feb-08,16.7
13-Feb-08,16.7
14-Feb-08,16.2
15-Feb-08,16.3
16-Feb-08,16.2
17-Feb-08,16.5
18-Feb-08,16.4
19-Feb-08,16.2
20-Feb-08,16.2
21-Feb-08,16.1
22-Feb-08,16.1
23-Feb-08,16.1
24-Feb-08,16.5
25-Feb-08,16.1
26-Feb-08,16.1
27-Feb-08,16.2
28-Feb-08,16.1
29-Feb-08,16.2
1-Mar-08,16.1
2-Mar-08,15.8
3-Mar-08,15.8
4-Mar-08,16
5-Mar-08,16
6-Mar-08,16.1
7-Mar-08,16.2
8-Mar-08,16.3
9-Mar-08,16.3
10-Mar-08,16.6
11-Mar-08,16.6
12-Mar-08,16.5
13-Mar-08,16.5
14-Mar-08,16.5
15-Mar-08,16.4
16-Mar-08,16.3
17-Mar-08,16.3
18-Mar-08,16.4
19-Mar-08,16.5
20-Mar-08,16.5
21-Mar-08,16.2
22-Mar-08,16.4
23-Mar-08,16.4
24-Mar-08,16.5
25-Mar-08,16.7
26-Mar-08,16.6
27-Mar-08,16.4
28-Mar-08,16.6
29-Mar-08,16.6
30-Mar-08,16.6
31-Mar-08,16.7
1-Apr-08,16.7
2-Apr-08,16.8
3-Apr-08,16.5
4-Apr-08,17
5-Apr-08,17.1
6-Apr-08,17.1
7-Apr-08,17.2
8-Apr-08,17.4
9-Apr-08,17.3
10-Apr-08,17.3
11-Apr-08,17.3
12-Apr-08,17.5
13-Apr-08,18.3
14-Apr-08,18.3
15-Apr-08,18
16-Apr-08,17.9
17-Apr-08,18.1
18-Apr-08,17.9
19-Apr-08,17.8
20-Apr-08,17.9
21-Apr-08,18.1
22-Apr-08,18.2
23-Apr-08,18.4
24-Apr-08,19
25-Apr-08,18.9
26-Apr-08,19.1
27-Apr-08,19.1
28-Apr-08,18.8
29-Apr-08,18.8
30-Apr-08,18.9
1-May-08,18.8
2-May-08,18.8
3-May-08,18.8
4-May-08,18.8
5-May-08,19.3
6-May-08,19.5
7-May-08,19.5
8-May-08,19.2
9-May-08,19.1
10-May-08,19.3
11-May-08,19.3
12-May-08,19.5
13-May-08,19.8
14-May-08,19.7
15-May-08,19.9
16-May-08,20.1
17-May-08,20.3
18-May-08,21
19-May-08,21
20-May-08,21
21-May-08,21.5
22-May-08,21.7
23-May-08,21.8
24-May-08,21.7
25-May-08,21.9
26-May-08,22.2
27-May-08,22.2
28-May-08,22.3
29-May-08,22.5
30-May-08,22.4
31-May-08,22.6
1-Jun-08,22.6
2-Jun-08,22.8
3-Jun-08,23.4
4-Jun-08,23.6
5-Jun-08,23.6
6-Jun-08,23.3
7-Jun-08,23.6
8-Jun-08,23.6
9-Jun-08,23.7
10-Jun-08,23.8
11-Jun-08,24.2
12-Jun-08,24.1
13-Jun-08,24.2
14-Jun-08,24.1
15-Jun-08,24.2
16-Jun-08,24.4
17-Jun-08,24.6
18-Jun-08,25
19-Jun-08,25.1
20-Jun-08,25.2
21-Jun-08,25.3
22-Jun-08,25.3
23-Jun-08,25.6
24-Jun-08,25.5
25-Jun-08,25.6
26-Jun-08,25.8
27-Jun-08,26.4
28-Jun-08,26.5
29-Jun-08,26.9
30-Jun-08,27.1
1-Jul-08,27
2-Jul-08,27
3-Jul-08,27.1
4-Jul-08,27.3
5-Jul-08,27.5
6-Jul-08,27.5
7-Jul-08,27.6
8-Jul-08,27.6
9-Jul-08,27.7
10-Jul-08,27.7
11-Jul-08,27.9
12-Jul-08,28.2
13-Jul-08,28.7
14-Jul-08,28.6
15-Jul-08,28.4
16-Jul-08,28.1
17-Jul-08,28
18-Jul-08,28.2
19-Jul-08,28.3
20-Jul-08,28.8
21-Jul-08,28.7
22-Jul-08,29
23-Jul-08,29.1
24-Jul-08,28.8
25-Jul-08,28.6
26-Jul-08,28.4
27-Jul-08,28.5
28-Jul-08,28.5
29-Jul-08,28.5
30-Jul-08,29.2
31-Jul-08,29
1-Aug-08,28.7
2-Aug-08,28.6
3-Aug-08,28.6
4-Aug-08,28.8
5-Aug-08,28.9
6-Aug-08,28.9
7-Aug-08,29
8-Aug-08,29.2
9-Aug-08,29.2
10-Aug-08,29.1
11-Aug-08,29
12-Aug-08,29.2
13-Aug-08,29.2
14-Aug-08,29.2
15-Aug-08,29.4
16-Aug-08,29.4
17-Aug-08,29.6
18-Aug-08,29.6
19-Aug-08,29.6
20-Aug-08,29.9
21-Aug-08,29.7
22-Aug-08,29.9
23-Aug-08,30.1
24-Aug-08,30.6
25-Aug-08,30.6
26-Aug-08,29.9
27-Aug-08,29.8
28-Aug-08,29.7
29-Aug-08,29.5
30-Aug-08,29.6
31-Aug-08,29.7
1-Sep-08,29.5
2-Sep-08,29.4
3-Sep-08,29.4
4-Sep-08,29.4
5-Sep-08,29.6
6-Sep-08,29.4
7-Sep-08,29.2
8-Sep-08,29
9-Sep-08,29.1
10-Sep-08,29.2
11-Sep-08,28.9
12-Sep-08,28.9
13-Sep-08,28.7
14-Sep-08,28.6
15-Sep-08,29.1
16-Sep-08,28.9
17-Sep-08,28.7
18-Sep-08,28.6
19-Sep-08,28.3
20-Sep-08,28.1
21-Sep-08,27.2
22-Sep-08,27.4
23-Sep-08,27.3
24-Sep-08,27.2
25-Sep-08,28
26-Sep-08,27
27-Sep-08,26.6
28-Sep-08,26.7
29-Sep-08,26
30-Sep-08,25.9
1-Oct-08,25.7
2-Oct-08,25.4
3-Oct-08,25.2
4-Oct-08,25
5-Oct-08,25.4
6-Oct-08,25.4
7-Oct-08,25.1
8-Oct-08,25.1
9-Oct-08,25.1
10-Oct-08,25.3
11-Oct-08,25.2
12-Oct-08,25
13-Oct-08,24.8
14-Oct-08,24.7
15-Oct-08,24.5
16-Oct-08,24.6
17-Oct-08,24.5
18-Oct-08,24.5
19-Oct-08,24.3
20-Oct-08,24.6
21-Oct-08,24.9
22-Oct-08,24.8
23-Oct-08,24.6
24-Oct-08,24.2
25-Oct-08,24.1
26-Oct-08,24.1
27-Oct-08,23.9
28-Oct-08,24
29-Oct-08,23.9
30-Oct-08,23.7
31-Oct-08,23.6
1-Nov-08,23.5
2-Nov-08,23.7
3-Nov-08,23.1
4-Nov-08,23.3
5-Nov-08,23.4
6-Nov-08,23.4
7-Nov-08,23.2
8-Nov-08,23.1
9-Nov-08,23.2
10-Nov-08,23
11-Nov-08,22.8
12-Nov-08,22.6
13-Nov-08,22.6
14-Nov-08,22.7
15-Nov-08,22.5
16-Nov-08,22.7
17-Nov-08,22.5
18-Nov-08,22.3
19-Nov-08,22.1
20-Nov-08,22
21-Nov-08,21.9
22-Nov-08,21.6
23-Nov-08,21.4
24-Nov-08,21.3
25-Nov-08,21
26-Nov-08,20.8
27-Nov-08,20.8
28-Nov-08,20.7
29-Nov-08,20.7
30-Nov-08,20.4
1-Dec-08,20.7
2-Dec-08,20.6
3-Dec-08,20.7
4-Dec-08,20.6
5-Dec-08,20.4
6-Dec-08,20.6
7-Dec-08,20.5
8-Dec-08,20.2
9-Dec-08,20.5
10-Dec-08,20.4
11-Dec-08,20.5
12-Dec-08,20.3
13-Dec-08,20.1
14-Dec-08,20.3
15-Dec-08,20.1
16-Dec-08,20
17-Dec-08,20.2
18-Dec-08,20.2
19-Dec-08,20.1
20-Dec-08,19.8
21-Dec-08,20
22-Dec-08,20
23-Dec-08,19.7
24-Dec-08,19.5
25-Dec-08,19.6
26-Dec-08,19.3
27-Dec-08,19.1
28-Dec-08,19.2
29-Dec-08,19.2
30-Dec-08,19.2
31-Dec-08,20.1
1-Jan-09,19.6
2-Jan-09,19.5
3-Jan-09,19.2
4-Jan-09,19
5-Jan-09,18.8
6-Jan-09,18.7
7-Jan-09,18.7
8-Jan-09,18.5
9-Jan-09,18.4
10-Jan-09,18.4
11-Jan-09,18.3
12-Jan-09,17.2
13-Jan-09,17.6
14-Jan-09,17.6
15-Jan-09,17.5
16-Jan-09,17.4
17-Jan-09,17.8
18-Jan-09,18
19-Jan-09,18.2
20-Jan-09,18
21-Jan-09,17.7
22-Jan-09,17.2
23-Jan-09,17.4
24-Jan-09,17.3
25-Jan-09,17.6
26-Jan-09,17.9
27-Jan-09,17.6
28-Jan-09,17.4
29-Jan-09,17.6
30-Jan-09,17.5
31-Jan-09,17.2
1-Feb-09,17.1
2-Feb-09,17
3-Feb-09,17
4-Feb-09,17
5-Feb-09,16.9
6-Feb-09,16.9
7-Feb-09,16.9
8-Feb-09,17.3
9-Feb-09,17.1
10-Feb-09,17.3
11-Feb-09,17.4
12-Feb-09,17.2
13-Feb-09,17.1
14-Feb-09,17.1
15-Feb-09,17.1
16-Feb-09,16.8
17-Feb-09,16.9
18-Feb-09,16.8
19-Feb-09,16.8
20-Feb-09,16.8
21-Feb-09,16.9
22-Feb-09,16.8
23-Feb-09,16.8
24-Feb-09,16.8
25-Feb-09,16.7
26-Feb-09,16.5
27-Feb-09,16.3
28-Feb-09,16.5
1-Mar-09,16.5
2-Mar-09,16.6
3-Mar-09,16.7
4-Mar-09,16.7
5-Mar-09,16.6
6-Mar-09,16.5
7-Mar-09,16.3
8-Mar-09,16.5
9-Mar-09,16.6
10-Mar-09,17
11-Mar-09,17.1
12-Mar-09,17.1
13-Mar-09,17
14-Mar-09,16.8
15-Mar-09,16.7
16-Mar-09,16.7
17-Mar-09,16.6
18-Mar-09,16.7
19-Mar-09,16.7
20-Mar-09,16.6
21-Mar-09,16.8
22-Mar-09,16.8
23-Mar-09,17.4
24-Mar-09,17
25-Mar-09,16.7
26-Mar-09,16.7
27-Mar-09,16.9
28-Mar-09,17.1
29-Mar-09,16.8
30-Mar-09,16.7
31-Mar-09,16.9
1-Apr-09,16.9
2-Apr-09,17.4
3-Apr-09,17.5
4-Apr-09,17.6
5-Apr-09,17.6
6-Apr-09,17.6
7-Apr-09,17.4
8-Apr-09,17.5
9-Apr-09,17.6
10-Apr-09,18
11-Apr-09,18
12-Apr-09,18.3
13-Apr-09,18.2
14-Apr-09,18.1
15-Apr-09,18.1
16-Apr-09,18.3
17-Apr-09,18
18-Apr-09,17.7
19-Apr-09,17.6
20-Apr-09,17.9
21-Apr-09,18.3
22-Apr-09,18.2
23-Apr-09,18.2
24-Apr-09,18.4
25-Apr-09,18.4
26-Apr-09,18.2
27-Apr-09,18.5
28-Apr-09,18.6
29-Apr-09,18.5
30-Apr-09,18.9
1-May-09,19
2-May-09,18.8
3-May-09,18.9
4-May-09,19
5-May-09,18.9
6-May-09,18.8
7-May-09,19
8-May-09,19.2
9-May-09,19.3
10-May-09,19.8
11-May-09,20
12-May-09,20.3
13-May-09,20.3
14-May-09,20.3
15-May-09,20.3
16-May-09,20.6
17-May-09,20.9
18-May-09,21.6
19-May-09,21.8
20-May-09,21.8
21-May-09,21.8
22-May-09,22.1
23-May-09,22
24-May-09,22.8
25-May-09,22.9
26-May-09,22.7
27-May-09,22.4
28-May-09,22.3
29-May-09,22.4
30-May-09,22.6
31-May-09,22.8
1-Jun-09,23.2
2-Jun-09,23.5
3-Jun-09,23.5
4-Jun-09,23.2
5-Jun-09,23
6-Jun-09,23.1
7-Jun-09,23.5
8-Jun-09,23.7
9-Jun-09,24.1
10-Jun-09,24.5
11-Jun-09,25
12-Jun-09,25.2
13-Jun-09,25.3
14-Jun-09,25.6
15-Jun-09,25.8
16-Jun-09,25.6
17-Jun-09,25.4
18-Jun-09,25.3
19-Jun-09,25.7
20-Jun-09,25.6
21-Jun-09,25.6
22-Jun-09,26.2
23-Jun-09,26.2
24-Jun-09,26.1
25-Jun-09,26.1
26-Jun-09,26.2
27-Jun-09,25.8
28-Jun-09,26
29-Jun-09,26.1
30-Jun-09,26.1
1-Jul-09,26.4
2-Jul-09,26.4
3-Jul-09,26.4
4-Jul-09,26.3
5-Jul-09,26.4
6-Jul-09,26.7
7-Jul-09,26.7
8-Jul-09,26.7
9-Jul-09,27.3
10-Jul-09,27.5
11-Jul-09,27.6
12-Jul-09,27.5
13-Jul-09,27.4
14-Jul-09,27.1
15-Jul-09,26.7
16-Jul-09,26.7
17-Jul-09,26.8
18-Jul-09,27
19-Jul-09,27.5
20-Jul-09,27.7
21-Jul-09,28
22-Jul-09,28
23-Jul-09,28
24-Jul-09,28
25-Jul-09,28.1
26-Jul-09,28.3
27-Jul-09,28.4
28-Jul-09,28.6
29-Jul-09,28.4
30-Jul-09,28.8
31-Jul-09,28.9
1-Aug-09,29
2-Aug-09,28.9
3-Aug-09,28.9
4-Aug-09,29
5-Aug-09,29
6-Aug-09,29.1
7-Aug-09,28.8
8-Aug-09,28.8
9-Aug-09,29.2
10-Aug-09,29.1
11-Aug-09,29
12-Aug-09,29
13-Aug-09,29.1
14-Aug-09,29.1
15-Aug-09,29
16-Aug-09,29
17-Aug-09,29
18-Aug-09,29.6
19-Aug-09,29.8
20-Aug-09,29.5
21-Aug-09,29.2
22-Aug-09,29.1
23-Aug-09,28.9
24-Aug-09,29.1
25-Aug-09,29
26-Aug-09,28.9
27-Aug-09,29
28-Aug-09,29
29-Aug-09,28.8
30-Aug-09,28.6
31-Aug-09,28.8
1-Sep-09,28.8
2-Sep-09,28.8
3-Sep-09,28.9
4-Sep-09,28.9
5-Sep-09,28.7
6-Sep-09,28.8
7-Sep-09,28.8
8-Sep-09,28.6
9-Sep-09,28.4
10-Sep-09,28.4
11-Sep-09,28.2
12-Sep-09,27.8
13-Sep-09,27.9
14-Sep-09,27.9
15-Sep-09,27.8
16-Sep-09,27.7
17-Sep-09,28
18-Sep-09,27.9
19-Sep-09,27.8
20-Sep-09,27.7
21-Sep-09,27.5
22-Sep-09,27.5
23-Sep-09,27.2
24-Sep-09,27.1
25-Sep-09,27.1
26-Sep-09,26.9
27-Sep-09,27
28-Sep-09,26.9
29-Sep-09,26.6
30-Sep-09,26.4
1-Oct-09,26.3
2-Oct-09,26.4
3-Oct-09,26.5
4-Oct-09,26.4
5-Oct-09,26.4
6-Oct-09,26.4
7-Oct-09,26.5
8-Oct-09,26.3
9-Oct-09,26.2
10-Oct-09,26.3
11-Oct-09,26.3
12-Oct-09,26
13-Oct-09,25.8
14-Oct-09,25.7
15-Oct-09,25.7
16-Oct-09,25.4
17-Oct-09,25.5
18-Oct-09,25.5
19-Oct-09,25.3
20-Oct-09,25.3
21-Oct-09,25.1
22-Oct-09,24.8
23-Oct-09,24.8
24-Oct-09,24.8
25-Oct-09,24.7
26-Oct-09,24.4
27-Oct-09,24.3
28-Oct-09,24.3
29-Oct-09,24.1
30-Oct-09,24.1
31-Oct-09,24.4
1-Nov-09,24.4
2-Nov-09,24.1
3-Nov-09,24.2
4-Nov-09,23.3
5-Nov-09,23.2
6-Nov-09,23.1
7-Nov-09,22.9
8-Nov-09,22.7
9-Nov-09,22.6
10-Nov-09,22.8
11-Nov-09,22.6
12-Nov-09,22.5
13-Nov-09,22.7
14-Nov-09,22.7
15-Nov-09,22.5
16-Nov-09,22.4
17-Nov-09,22.4
18-Nov-09,22.4
19-Nov-09,22.2
20-Nov-09,22.1
21-Nov-09,22.1
22-Nov-09,21.9
23-Nov-09,21.6
24-Nov-09,21.7
25-Nov-09,21.6
26-Nov-09,21.6
27-Nov-09,21.4
28-Nov-09,21.3
29-Nov-09,21.4
30-Nov-09,21.4
1-Dec-09,21.5
2-Dec-09,21.3
3-Dec-09,21.1
4-Dec-09,20.8
5-Dec-09,20.6
6-Dec-09,20.5
7-Dec-09,20.4
8-Dec-09,20.5
9-Dec-09,20.4
10-Dec-09,20.3
11-Dec-09,20.5
12-Dec-09,20.1
13-Dec-09,20.1
14-Dec-09,19.9
15-Dec-09,19.8
16-Dec-09,19.7
17-Dec-09,19.8
18-Dec-09,19.7
19-Dec-09,19.7
20-Dec-09,19.7
21-Dec-09,19.8
22-Dec-09,19.9
23-Dec-09,19.6
24-Dec-09,19.6
25-Dec-09,19.4
26-Dec-09,19.2
27-Dec-09,19.2
28-Dec-09,19.3
29-Dec-09,19.3
30-Dec-09,19.5
31-Dec-09,19.2
1-Jan-10,19
2-Jan-10,19.1
3-Jan-10,19.1
4-Jan-10,18.9
5-Jan-10,19
6-Jan-10,18.9
7-Jan-10,18.8
8-Jan-10,18.9
9-Jan-10,18.8
10-Jan-10,18.4
11-Jan-10,18.5
12-Jan-10,18.7
13-Jan-10,18.6
14-Jan-10,18.7
15-Jan-10,18.6
16-Jan-10,18.4
17-Jan-10,18.5
18-Jan-10,18.4
19-Jan-10,18.8
20-Jan-10,18.7
21-Jan-10,18.5
22-Jan-10,18.5
23-Jan-10,18.5
24-Jan-10,18.5
25-Jan-10,18.2
26-Jan-10,18
27-Jan-10,17.9
28-Jan-10,17.7
29-Jan-10,17.6
30-Jan-10,17.4
31-Jan-10,17.8
1-Feb-10,17.7
2-Feb-10,17.6
3-Feb-10,17.7
4-Feb-10,17.3
5-Feb-10,17.3
6-Feb-10,17.3
7-Feb-10,17.3
8-Feb-10,17.2
9-Feb-10,17.2
10-Feb-10,17.1
11-Feb-10,17.1
12-Feb-10,17
13-Feb-10,16.5
14-Feb-10,16.2
15-Feb-10,16.4
16-Feb-10,16.6
17-Feb-10,16.4
18-Feb-10,16.2
19-Feb-10,16.8
20-Feb-10,16.6
21-Feb-10,16.9
22-Feb-10,17.1
23-Feb-10,17
24-Feb-10,16.9
25-Feb-10,16.8
26-Feb-10,16.7
27-Feb-10,16.7
28-Feb-10,16.9
1-Mar-10,16.8
2-Mar-10,16.9
3-Mar-10,17.1
4-Mar-10,16.9
5-Mar-10,16.9
6-Mar-10,16.8
7-Mar-10,16.7
8-Mar-10,16.5
9-Mar-10,17
10-Mar-10,16.8
11-Mar-10,16.8
12-Mar-10,17.2
13-Mar-10,17.2
14-Mar-10,17.3
15-Mar-10,17.4
16-Mar-10,17.4
17-Mar-10,17.3
18-Mar-10,17.2
19-Mar-10,17.1
20-Mar-10,17
21-Mar-10,17
22-Mar-10,17.1
23-Mar-10,17.2
24-Mar-10,17.4
25-Mar-10,17.3
26-Mar-10,17
27-Mar-10,17.4
28-Mar-10,17.3
29-Mar-10,17.1
30-Mar-10,17.2
31-Mar-10,17
1-Apr-10,17
2-Apr-10,16.9
3-Apr-10,17.6
4-Apr-10,17.9
5-Apr-10,17.8
6-Apr-10,18
7-Apr-10,17.7
8-Apr-10,17.9
9-Apr-10,18
10-Apr-10,18
11-Apr-10,17.6
12-Apr-10,17.9
13-Apr-10,18
14-Apr-10,18
15-Apr-10,18.3
16-Apr-10,18.2
17-Apr-10,18.2
18-Apr-10,18.5
19-Apr-10,18.3
20-Apr-10,18.6
21-Apr-10,18.7
22-Apr-10,18.9
23-Apr-10,19
24-Apr-10,18.9
25-Apr-10,18.8
26-Apr-10,19.4
27-Apr-10,19.3
28-Apr-10,19.6
29-Apr-10,19.6
30-Apr-10,19.6
1-May-10,20
2-May-10,20.1
3-May-10,20.1
4-May-10,20.3
5-May-10,20.4
6-May-10,20.3
7-May-10,20.3
8-May-10,20.2
9-May-10,20.5
10-May-10,21.2
11-May-10,21.6
12-May-10,21.8
13-May-10,21.9
14-May-10,22.4
15-May-10,22.3
16-May-10,22
17-May-10,21.7
18-May-10,21.7
19-May-10,21.4
20-May-10,21.4
21-May-10,21.5
22-May-10,21.2
23-May-10,21.4
24-May-10,21.6
25-May-10,21.6
26-May-10,21.7
27-May-10,22
28-May-10,22.2
29-May-10,22.5
30-May-10,22.8
31-May-10,23
1-Jun-10,23.1
2-Jun-10,23.2
3-Jun-10,23.3
4-Jun-10,23.4
5-Jun-10,23.8
6-Jun-10,23.7
7-Jun-10,23.4
8-Jun-10,23.7
9-Jun-10,23.8
10-Jun-10,24
11-Jun-10,24.5
12-Jun-10,24.7
13-Jun-10,24.9
14-Jun-10,24.9
15-Jun-10,25.2
16-Jun-10,25.6
17-Jun-10,25.8
18-Jun-10,25.8
19-Jun-10,25.8
20-Jun-10,26
21-Jun-10,25.7
22-Jun-10,26.2
23-Jun-10,25.7
24-Jun-10,25.3
25-Jun-10,25
26-Jun-10,24.6
27-Jun-10,24.5
28-Jun-10,24.9
29-Jun-10,25.1
30-Jun-10,25.5
1-Jul-10,25.6
2-Jul-10,26
3-Jul-10,26.5
4-Jul-10,26.8
5-Jul-10,27.1
6-Jul-10,27.1
7-Jul-10,27.3
8-Jul-10,27.3
9-Jul-10,27
10-Jul-10,27.1
11-Jul-10,27.2
12-Jul-10,27.1
13-Jul-10,27.2
14-Jul-10,27.4
15-Jul-10,27.9
16-Jul-10,28.2
17-Jul-10,28.4
18-Jul-10,28.3
19-Jul-10,28.4
20-Jul-10,28.4
21-Jul-10,28.6
22-Jul-10,28.6
23-Jul-10,29
24-Jul-10,29
25-Jul-10,28.9
26-Jul-10,28.8
27-Jul-10,28.8
28-Jul-10,28.7
29-Jul-10,28.6
30-Jul-10,28.6
31-Jul-10,28.5
1-Aug-10,28.3
2-Aug-10,28.2
3-Aug-10,28.3
4-Aug-10,28.4
5-Aug-10,28.8
6-Aug-10,29.1
7-Aug-10,29.3
8-Aug-10,29.2
9-Aug-10,29.4
10-Aug-10,29.7
11-Aug-10,30.1
12-Aug-10,30.2
13-Aug-10,30.4
14-Aug-10,30.4
15-Aug-10,30.3
16-Aug-10,30.4
17-Aug-10,30.6
18-Aug-10,30.3
19-Aug-10,30.3
20-Aug-10,30.7
21-Aug-10,30.7
22-Aug-10,31
23-Aug-10,30.8
24-Aug-10,30.4
25-Aug-10,30.5
26-Aug-10,30.4
27-Aug-10,30.1
28-Aug-10,29.9
29-Aug-10,29.9
30-Aug-10,29.9
31-Aug-10,29.9
1-Sep-10,29.6
2-Sep-10,29.4
3-Sep-10,29.4
4-Sep-10,29.5
5-Sep-10,29.3
6-Sep-10,29.3
7-Sep-10,29.1
8-Sep-10,28.8
9-Sep-10,29
10-Sep-10,29.2
11-Sep-10,29.1
12-Sep-10,28.7
13-Sep-10,28.7
14-Sep-10,29.2
15-Sep-10,29.1
16-Sep-10,28.6
17-Sep-10,28.5
18-Sep-10,28.4
19-Sep-10,28.4
20-Sep-10,28.3
21-Sep-10,28.4
22-Sep-10,28.1
23-Sep-10,28.1
24-Sep-10,28.2
25-Sep-10,28
26-Sep-10,27.7
27-Sep-10,27.9
28-Sep-10,27.9
29-Sep-10,27.7
30-Sep-10,27.7
1-Oct-10,27.6
2-Oct-10,27.4
3-Oct-10,27.2
4-Oct-10,26.9
5-Oct-10,26.7
6-Oct-10,26.6
7-Oct-10,26.6
8-Oct-10,26.3
9-Oct-10,25.9
10-Oct-10,25.6
11-Oct-10,25.4
12-Oct-10,25.2
13-Oct-10,25.1
14-Oct-10,25.1
15-Oct-10,25.1
16-Oct-10,25.1
17-Oct-10,25
18-Oct-10,24.7
19-Oct-10,24.5
20-Oct-10,24.4
21-Oct-10,24.3
22-Oct-10,24.5
23-Oct-10,24.9
24-Oct-10,24.6
25-Oct-10,24.4
26-Oct-10,24.3
27-Oct-10,24.2
28-Oct-10,24.3
29-Oct-10,24.2
30-Oct-10,23.9
31-Oct-10,23.6
1-Nov-10,23.7
2-Nov-10,23.6
3-Nov-10,23.2
4-Nov-10,23.3
5-Nov-10,23.3
6-Nov-10,23.5
7-Nov-10,23.4
8-Nov-10,22.9
9-Nov-10,22.9
10-Nov-10,22.8
11-Nov-10,22.8
12-Nov-10,22.6
13-Nov-10,22.6
14-Nov-10,22.7
15-Nov-10,22.5
16-Nov-10,22.4
17-Nov-10,22.3
18-Nov-10,22.4
19-Nov-10,22.4
20-Nov-10,22.3
21-Nov-10,22.3
22-Nov-10,22
23-Nov-10,21.9
24-Nov-10,21.5
25-Nov-10,21.7
26-Nov-10,21.6
27-Nov-10,21.8
28-Nov-10,21.7
29-Nov-10,21.4
30-Nov-10,21.2
1-Dec-10,21.4
2-Dec-10,21.5
3-Dec-10,21.6
4-Dec-10,21.8
5-Dec-10,21.6
6-Dec-10,21.9
7-Dec-10,21.8
8-Dec-10,21.6
9-Dec-10,21.4
10-Dec-10,21.3
11-Dec-10,21.3
12-Dec-10,21.2
13-Dec-10,21.3
14-Dec-10,21
15-Dec-10,20.7
16-Dec-10,20.5
17-Dec-10,20.8
18-Dec-10,20.5
19-Dec-10,20.2
20-Dec-10,20.1
21-Dec-10,19.9
22-Dec-10,20
23-Dec-10,19.9
24-Dec-10,19.8
25-Dec-10,19.6
26-Dec-10,19.9
27-Dec-10,19.6
28-Dec-10,19.4
29-Dec-10,19.3
30-Dec-10,19.4
31-Dec-10,19.5
1-Jan-11,19.6
2-Jan-11,19.4
3-Jan-11,19.1
4-Jan-11,19
5-Jan-11,19
6-Jan-11,19
7-Jan-11,19
8-Jan-11,19.2
9-Jan-11,19.2
10-Jan-11,19.2
11-Jan-11,19
12-Jan-11,18.9
13-Jan-11,18.9
14-Jan-11,18.8
15-Jan-11,18.8
16-Jan-11,18.7
17-Jan-11,19.1
18-Jan-11,19
19-Jan-11,18.9
20-Jan-11,18.6
21-Jan-11,18.5
22-Jan-11,18.4
23-Jan-11,18.2
24-Jan-11,18.3
25-Jan-11,18.3
26-Jan-11,18.2
27-Jan-11,18.5
28-Jan-11,18.3
29-Jan-11,18.2
30-Jan-11,18.4
31-Jan-11,18.1
1-Feb-11,17.7
2-Feb-11,17.6
3-Feb-11,17.5
4-Feb-11,17.3
5-Feb-11,17.2
6-Feb-11,17.4
7-Feb-11,17.7
8-Feb-11,17.6
9-Feb-11,17.6
10-Feb-11,17.6
11-Feb-11,17.6
12-Feb-11,17.6
13-Feb-11,17.3
14-Feb-11,17.1
15-Feb-11,17.5
16-Feb-11,17.6
17-Feb-11,17.5
18-Feb-11,17.3
19-Feb-11,17.2
20-Feb-11,17.6
21-Feb-11,17.5
22-Feb-11,17.3
23-Feb-11,17.2
24-Feb-11,17.1
25-Feb-11,16.9
26-Feb-11,17.2
27-Feb-11,17.2
28-Feb-11,17.3
1-Mar-11,17.3
2-Mar-11,17.3
3-Mar-11,17.4
4-Mar-11,17.3
5-Mar-11,17.2
6-Mar-11,17.2
7-Mar-11,17.3
8-Mar-11,17.3
9-Mar-11,17
10-Mar-11,16.8
11-Mar-11,17
12-Mar-11,17.2
13-Mar-11,17.3
14-Mar-11,17.3
15-Mar-11,17.3
16-Mar-11,17.4
17-Mar-11,17.3
18-Mar-11,17.2
19-Mar-11,17.2
20-Mar-11,17.2
21-Mar-11,17.4
22-Mar-11,17.7
23-Mar-11,17.6
24-Mar-11,17.6
25-Mar-11,17.5
26-Mar-11,17.5
27-Mar-11,17.4
28-Mar-11,17.7
29-Mar-11,17.5
30-Mar-11,17.5
31-Mar-11,17.6
1-Apr-11,17.7
2-Apr-11,17.8
3-Apr-11,17.8
4-Apr-11,18.1
5-Apr-11,18.1
6-Apr-11,18.2
7-Apr-11,18.4
8-Apr-11,18.4
9-Apr-11,18.3
10-Apr-11,18.2
11-Apr-11,18.2
12-Apr-11,18.2
13-Apr-11,18.1
14-Apr-11,18
15-Apr-11,18
16-Apr-11,18
17-Apr-11,18
18-Apr-11,18.3
19-Apr-11,18.2
20-Apr-11,18.2
21-Apr-11,18.2
22-Apr-11,18.3
23-Apr-11,18.1
24-Apr-11,18.4
25-Apr-11,18.5
26-Apr-11,18.6
27-Apr-11,18.3
28-Apr-11,18.2
29-Apr-11,18.3
30-Apr-11,18.6
1-May-11,18.7
2-May-11,18.8
3-May-11,19.1
4-May-11,19.2
5-May-11,19.3
6-May-11,19.4
7-May-11,19.4
8-May-11,19.6
9-May-11,19.7
10-May-11,19.8
11-May-11,20
12-May-11,19.8
13-May-11,19.6
14-May-11,19.6
15-May-11,19.8
16-May-11,20.2
17-May-11,20.3
18-May-11,20.2
19-May-11,20.4
20-May-11,20.8
21-May-11,20.8
22-May-11,21.1
23-May-11,21.5
24-May-11,22
25-May-11,22.1
26-May-11,22.2
27-May-11,22.2
28-May-11,22.2
29-May-11,22.4
30-May-11,22.4
31-May-11,22.8
1-Jun-11,23
2-Jun-11,23.2
3-Jun-11,23.4
4-Jun-11,23.7
5-Jun-11,23.6
6-Jun-11,24.3
7-Jun-11,24.6
8-Jun-11,24.9
9-Jun-11,25
10-Jun-11,24.9
11-Jun-11,24.4
12-Jun-11,24.4
13-Jun-11,24.2
14-Jun-11,24.3
15-Jun-11,24.5
16-Jun-11,24.7
17-Jun-11,24.7
18-Jun-11,25.1
19-Jun-11,25.4
20-Jun-11,25.8
21-Jun-11,25.9
22-Jun-11,25.8
23-Jun-11,25.8
24-Jun-11,25.9
25-Jun-11,25.7
26-Jun-11,25.9
27-Jun-11,25.7
28-Jun-11,25.4
29-Jun-11,24.9
30-Jun-11,25.1
1-Jul-11,25.2
2-Jul-11,25.4
3-Jul-11,25.7
4-Jul-11,25.6
5-Jul-11,26
6-Jul-11,26.4
7-Jul-11,26.6
8-Jul-11,26.9
9-Jul-11,27.3
10-Jul-11,27.4
11-Jul-11,27.2
12-Jul-11,27.5
13-Jul-11,27.7
14-Jul-11,27.9
15-Jul-11,28.3
16-Jul-11,28.5
17-Jul-11,27.9
18-Jul-11,28.2
19-Jul-11,28.3
20-Jul-11,28.7
21-Jul-11,28.5
22-Jul-11,28.2
23-Jul-11,28.7
24-Jul-11,28.7
25-Jul-11,28.6
26-Jul-11,28.7
27-Jul-11,29
28-Jul-11,29.2
29-Jul-11,29
30-Jul-11,28.8
31-Jul-11,29.1
1-Aug-11,29.3
2-Aug-11,29.2
3-Aug-11,29.3
4-Aug-11,29.5
5-Aug-11,29.7
6-Aug-11,29.8
7-Aug-11,29.9
8-Aug-11,29.8
9-Aug-11,29.8
10-Aug-11,29.7
11-Aug-11,29.5
12-Aug-11,29.3
13-Aug-11,29.3
14-Aug-11,29.2
15-Aug-11,29.2
16-Aug-11,29.1
17-Aug-11,29.2
18-Aug-11,29.5
19-Aug-11,29.3
20-Aug-11,29.2
21-Aug-11,29.1
22-Aug-11,29.3
23-Aug-11,29.2
24-Aug-11,29.5
25-Aug-11,29.3
26-Aug-11,29.3
27-Aug-11,29.2
28-Aug-11,28.6
29-Aug-11,28.6
30-Aug-11,28.8
31-Aug-11,29.3
1-Sep-11,29.2
2-Sep-11,29
3-Sep-11,29
4-Sep-11,28.9
5-Sep-11,28.9
6-Sep-11,29
7-Sep-11,28.7
8-Sep-11,28.5
9-Sep-11,28.5
10-Sep-11,28.6
11-Sep-11,28.6
12-Sep-11,28.5
13-Sep-11,28.7
14-Sep-11,28.7
15-Sep-11,28.6
16-Sep-11,28.5
17-Sep-11,28.5
18-Sep-11,28.4
19-Sep-11,28.3
20-Sep-11,28.5
21-Sep-11,28.3
22-Sep-11,28.1
23-Sep-11,28.1
24-Sep-11,28.3
25-Sep-11,28.3
26-Sep-11,27.9
27-Sep-11,27.9
28-Sep-11,28
29-Sep-11,27.7
30-Sep-11,27.6
1-Oct-11,27.3
2-Oct-11,26.9
3-Oct-11,26.7
4-Oct-11,26.7
5-Oct-11,26.5
6-Oct-11,26.7
7-Oct-11,26.7
8-Oct-11,26.3
9-Oct-11,26
10-Oct-11,25.9
11-Oct-11,25.7
12-Oct-11,25.7
13-Oct-11,25.6
14-Oct-11,25.6
15-Oct-11,25.5
16-Oct-11,25.5
17-Oct-11,25
18-Oct-11,24.7
19-Oct-11,24.6
20-Oct-11,24
21-Oct-11,24
22-Oct-11,24
23-Oct-11,23.9
24-Oct-11,24
25-Oct-11,23.9
26-Oct-11,23.8
27-Oct-11,23.3
28-Oct-11,23.2
29-Oct-11,23.1
30-Oct-11,23.1
31-Oct-11,22.9
1-Nov-11,22.8
2-Nov-11,22.6
3-Nov-11,22.6
4-Nov-11,22.6
5-Nov-11,22.4
6-Nov-11,22.2
7-Nov-11,22.2
8-Nov-11,22.1
9-Nov-11,21.9
10-Nov-11,21.8
11-Nov-11,21.7
12-Nov-11,21.7
13-Nov-11,21.6
14-Nov-11,21.4
15-Nov-11,20.9
16-Nov-11,20.6
17-Nov-11,20.5
18-Nov-11,20.7
19-Nov-11,20.7
20-Nov-11,20.4
21-Nov-11,20.4
22-Nov-11,20.2
23-Nov-11,20.3
24-Nov-11,20.4
25-Nov-11,20
26-Nov-11,19.9
27-Nov-11,19.7
28-Nov-11,19.9
29-Nov-11,19.9
30-Nov-11,19.9
1-Dec-11,20
2-Dec-11,19.8
3-Dec-11,19.7
4-Dec-11,19.6
5-Dec-11,19.6
6-Dec-11,19.7
7-Dec-11,19.6
8-Dec-11,19.6
9-Dec-11,19.5
10-Dec-11,19.3
11-Dec-11,19.2
12-Dec-11,19.1
13-Dec-11,19
14-Dec-11,19.2
15-Dec-11,19.2
16-Dec-11,19.1
17-Dec-11,19.1
18-Dec-11,19.5
19-Dec-11,19.3
20-Dec-11,19.2
21-Dec-11,19.1
22-Dec-11,19
23-Dec-11,18.8
24-Dec-11,18.7
25-Dec-11,18.5
26-Dec-11,18.5
27-Dec-11,18.5
28-Dec-11,18.3
29-Dec-11,18.2
30-Dec-11,18.2
31-Dec-11,18.2
1-Jan-12,18.1
2-Jan-12,18.1
3-Jan-12,18.1
4-Jan-12,17.9
5-Jan-12,17.9
6-Jan-12,18
7-Jan-12,17.8
8-Jan-12,17.8
9-Jan-12,17.9
10-Jan-12,17.9
11-Jan-12,17.7
12-Jan-12,17.4
13-Jan-12,17.4
14-Jan-12,17.3
15-Jan-12,17.3
16-Jan-12,17.4
17-Jan-12,17.2
18-Jan-12,17.2
19-Jan-12,17.1
20-Jan-12,17.2
21-Jan-12,17.2
22-Jan-12,17.3
23-Jan-12,17.8
24-Jan-12,17.7
25-Jan-12,17.8
26-Jan-12,17.5
27-Jan-12,17.4
28-Jan-12,17.3
29-Jan-12,17.3
30-Jan-12,17.2
31-Jan-12,17
1-Feb-12,16.9
2-Feb-12,17
3-Feb-12,17
4-Feb-12,17.2
5-Feb-12,17.2
6-Feb-12,17.1
7-Feb-12,17.2
8-Feb-12,17.3
9-Feb-12,17.1
10-Feb-12,17
11-Feb-12,17.1
12-Feb-12,16.9
13-Feb-12,16.9
14-Feb-12,17
15-Feb-12,17
16-Feb-12,16.9
17-Feb-12,16.7
18-Feb-12,16.5
19-Feb-12,16.5
20-Feb-12,16.5
21-Feb-12,16.5
22-Feb-12,16.5
23-Feb-12,16.8
24-Feb-12,16.9
25-Feb-12,16.7
26-Feb-12,16.7
27-Feb-12,16.7
28-Feb-12,16.6
29-Feb-12,16.4
1-Mar-12,16.4
2-Mar-12,16.4
3-Mar-12,16.4
4-Mar-12,16.4
5-Mar-12,16.5
6-Mar-12,16.4
7-Mar-12,16.5
8-Mar-12,16.5
9-Mar-12,16.4
10-Mar-12,16.2
11-Mar-12,16.1
12-Mar-12,16.2
13-Mar-12,16.4
14-Mar-12,16.5
15-Mar-12,16.5
16-Mar-12,16.1
17-Mar-12,16.2
18-Mar-12,16.2
19-Mar-12,16.3
20-Mar-12,16.3
21-Mar-12,16.5
22-Mar-12,16.5
23-Mar-12,16.6
24-Mar-12,16.5
25-Mar-12,16.6
26-Mar-12,16.7
27-Mar-12,16.6
28-Mar-12,16.5
29-Mar-12,16.4
30-Mar-12,16.4
31-Mar-12,16.5
1-Apr-12,16.5
2-Apr-12,16.7
3-Apr-12,16.9
4-Apr-12,17
5-Apr-12,17
6-Apr-12,17.4
7-Apr-12,17.7
8-Apr-12,17.7
9-Apr-12,17.8
10-Apr-12,17.8
11-Apr-12,17.7
12-Apr-12,17.7
13-Apr-12,17.8
14-Apr-12,17.6
15-Apr-12,18.1
16-Apr-12,18.1
17-Apr-12,17.8
18-Apr-12,17.8
19-Apr-12,17.6
20-Apr-12,17.5
21-Apr-12,17.6
22-Apr-12,17.9
23-Apr-12,18.3
24-Apr-12,18.3
25-Apr-12,18.5
26-Apr-12,18.8
27-Apr-12,19
28-Apr-12,19.2
29-Apr-12,19.3
30-Apr-12,19.4
1-May-12,22.5
2-May-12,22.6
3-May-12,22.2
4-May-12,22
5-May-12,21.5
6-May-12,21.2
7-May-12,21.2
8-May-12,21.1
9-May-12,21.5
10-May-12,21.2
11-May-12,21.5
12-May-12,21.1
13-May-12,21.3
14-May-12,20.9
15-May-12,20.9
16-May-12,21.3
17-May-12,21.4
18-May-12,20.6
19-May-12,21.7
20-May-12,22.3
21-May-12,23.7
22-May-12,23.3
23-May-12,23.5
24-May-12,22.9
25-May-12,22.5
26-May-12,22.4
27-May-12,22.8
28-May-12,22.8
29-May-12,22.7
30-May-12,23.1
31-May-12,23
1-Jun-12,22.2
2-Jun-12,22.5
3-Jun-12,22.8
4-Jun-12,23
5-Jun-12,23.3
6-Jun-12,23.5
7-Jun-12,23.8
8-Jun-12,24.2
9-Jun-12,24.5
10-Jun-12,24.9
11-Jun-12,25.2
12-Jun-12,25.2
13-Jun-12,25.2
14-Jun-12,26.1
15-Jun-12,26.6
16-Jun-12,26.8
17-Jun-12,27.1
18-Jun-12,27
19-Jun-12,27
20-Jun-12,26.9
21-Jun-12,27.1
22-Jun-12,26.9
23-Jun-12,27.3
24-Jun-12,27.7
25-Jun-12,27.6
26-Jun-12,27.7
27-Jun-12,27.7
28-Jun-12,27.7
29-Jun-12,28
30-Jun-12,27.9
1-Jul-12,28
2-Jul-12,27.9
3-Jul-12,27.4
4-Jul-12,27.1
5-Jul-12,27.2
6-Jul-12,27.3
7-Jul-12,27.6
8-Jul-12,27.9
9-Jul-12,28.1
10-Jul-12,28
11-Jul-12,28.4
12-Jul-12,28.4
13-Jul-12,28.3
14-Jul-12,28.4
15-Jul-12,28.4
16-Jul-12,28.4
17-Jul-12,28.6
18-Jul-12,28.9
19-Jul-12,29.5
20-Jul-12,29.6
21-Jul-12,29.5
22-Jul-12,29.4
23-Jul-12,29.5
24-Jul-12,29.6
25-Jul-12,29.8
26-Jul-12,30.1
27-Jul-12,30.3
28-Jul-12,30.5
29-Jul-12,30.7
30-Jul-12,30.6
31-Jul-12,30.5
1-Aug-12,30.1
2-Aug-12,30
3-Aug-12,29.8
4-Aug-12,29.8
5-Aug-12,30.1
6-Aug-12,30
7-Aug-12,29.9
8-Aug-12,29.9
9-Aug-12,30.1
10-Aug-12,30.2
11-Aug-12,29.9
12-Aug-12,29.6
13-Aug-12,29.6
14-Aug-12,29.3
15-Aug-12,29.4
16-Aug-12,29.5
17-Aug-12,29.2
18-Aug-12,29.1
19-Aug-12,29.5
20-Aug-12,29.3
21-Aug-12,29.2
22-Aug-12,29.4
23-Aug-12,29.5
24-Aug-12,29.3
25-Aug-12,29
26-Aug-12,29.2
27-Aug-12,28.9
28-Aug-12,28.8
29-Aug-12,28.8
30-Aug-12,28.8
31-Aug-12,28.8
1-Sep-12,29
2-Sep-12,28.8
3-Sep-12,28.7
4-Sep-12,28.7
5-Sep-12,28.6
6-Sep-12,28.6
7-Sep-12,28.4
8-Sep-12,28
9-Sep-12,28.1
10-Sep-12,28.3
11-Sep-12,28.2
12-Sep-12,28.4
13-Sep-12,28.5
14-Sep-12,28.5
15-Sep-12,28.6
16-Sep-12,28.5
17-Sep-12,28.3
18-Sep-12,28.2
19-Sep-12,28.2
20-Sep-12,28.4
21-Sep-12,28.5
22-Sep-12,28.2
23-Sep-12,28.1
24-Sep-12,28
25-Sep-12,27.9
26-Sep-12,27.7
27-Sep-12,27.4
28-Sep-12,27.5
29-Sep-12,27.7
30-Sep-12,27.5
1-Oct-12,27.5
2-Oct-12,27.9
3-Oct-12,27.7
4-Oct-12,27.6
5-Oct-12,27.7
6-Oct-12,27.6
7-Oct-12,27.4
8-Oct-12,27.2
9-Oct-12,27
10-Oct-12,26.3
11-Oct-12,26.5
12-Oct-12,26.3
13-Oct-12,26
14-Oct-12,26.1
15-Oct-12,26
16-Oct-12,26.1
17-Oct-12,26.6
18-Oct-12,26.5
19-Oct-12,26.5
20-Oct-12,26.3
21-Oct-12,26
22-Oct-12,25.7
23-Oct-12,25.6
24-Oct-12,25.4
25-Oct-12,25.4
26-Oct-12,25.7
27-Oct-12,25.3
28-Oct-12,25
29-Oct-12,24.7
30-Oct-12,24.7
31-Oct-12,24.6
1-Nov-12,24.4
2-Nov-12,24.6
3-Nov-12,24.4
4-Nov-12,24.4
5-Nov-12,24.2
6-Nov-12,24.1
7-Nov-12,23.9
8-Nov-12,23.7
9-Nov-12,24
10-Nov-12,23.8
11-Nov-12,24
12-Nov-12,23.3
13-Nov-12,23.1
14-Nov-12,22.9
15-Nov-12,22.7
16-Nov-12,22.8
17-Nov-12,22.8
18-Nov-12,22.8
19-Nov-12,22.6
20-Nov-12,22.4
21-Nov-12,22.2
22-Nov-12,22.6
23-Nov-12,22.7
24-Nov-12,22.7
25-Nov-12,22.4
26-Nov-12,22.2
27-Nov-12,22
28-Nov-12,21.8
29-Nov-12,21.8
30-Nov-12,21.6
1-Dec-12,21.5
2-Dec-12,21.1
3-Dec-12,21
4-Dec-12,21.2
5-Dec-12,21.1
6-Dec-12,21.2
7-Dec-12,21.3
8-Dec-12,21.1
9-Dec-12,20.6
10-Dec-12,20
11-Dec-12,20.1
12-Dec-12,19.9
13-Dec-12,19.8
14-Dec-12,19.9
15-Dec-12,19.8
16-Dec-12,19.6
17-Dec-12,19.5
18-Dec-12,19.7
19-Dec-12,19.6
20-Dec-12,19.2
21-Dec-12,19.1
22-Dec-12,19
23-Dec-12,19.1
24-Dec-12,19.1
25-Dec-12,19
26-Dec-12,18.9
27-Dec-12,18.8
28-Dec-12,18.8
29-Dec-12,18.8
30-Dec-12,18.8
31-Dec-12,18.6
1-Jan-13,18.3
2-Jan-13,18.8
3-Jan-13,18.8
4-Jan-13,18.7
5-Jan-13,18.7
6-Jan-13,18.4
7-Jan-13,18.8
8-Jan-13,19
9-Jan-13,19
10-Jan-13,19
11-Jan-13,18.9
12-Jan-13,18.8
13-Jan-13,18.9
14-Jan-13,18.7
15-Jan-13,18.6
16-Jan-13,18
17-Jan-13,18
18-Jan-13,18
19-Jan-13,18
20-Jan-13,17.9
21-Jan-13,17.7
22-Jan-13,17.6
23-Jan-13,17.4
24-Jan-13,17.4
25-Jan-13,17.8
26-Jan-13,17.5
27-Jan-13,17.5
28-Jan-13,16.9
29-Jan-13,16.9
30-Jan-13,16.9
31-Jan-13,17
1-Feb-13,17.2
2-Feb-13,17.2
3-Feb-13,17.4
4-Feb-13,17.4
5-Feb-13,17.6
6-Feb-13,17.3
7-Feb-13,17.2
8-Feb-13,17.3
9-Feb-13,17.2
10-Feb-13,17.1
11-Feb-13,17.5
12-Feb-13,17.3
13-Feb-13,17.3
14-Feb-13,17.2
15-Feb-13,17.1
16-Feb-13,17.2
17-Feb-13,17.1
18-Feb-13,17.1
19-Feb-13,17.1
20-Feb-13,17.4
21-Feb-13,17.3
22-Feb-13,16.7
23-Feb-13,16.8
24-Feb-13,16.8
25-Feb-13,17.2
26-Feb-13,17
27-Feb-13,17
28-Feb-13,17.1
1-Mar-13,17.1
2-Mar-13,17.1
3-Mar-13,16.8
4-Mar-13,17
5-Mar-13,17.1
6-Mar-13,17.1
7-Mar-13,16.9
8-Mar-13,16.6
9-Mar-13,16.6
10-Mar-13,16.8
11-Mar-13,16.6
12-Mar-13,16.7
13-Mar-13,17.1
14-Mar-13,17
15-Mar-13,17.1
16-Mar-13,17
17-Mar-13,16.9
18-Mar-13,16.9
19-Mar-13,16.6
20-Mar-13,16.9
21-Mar-13,16.9
22-Mar-13,17
23-Mar-13,17
24-Mar-13,16.9
25-Mar-13,17
26-Mar-13,16.5
27-Mar-13,16.7
28-Mar-13,17.1
29-Mar-13,17.2
30-Mar-13,17.3
31-Mar-13,17.1
1-Apr-13,17.1
2-Apr-13,17.1
3-Apr-13,16.9
4-Apr-13,17.7
5-Apr-13,17.7
6-Apr-13,17.7
7-Apr-13,17.1
8-Apr-13,17.1
9-Apr-13,17.2
10-Apr-13,17.5
11-Apr-13,17.7
12-Apr-13,17.8
13-Apr-13,18
14-Apr-13,18
15-Apr-13,17.7
16-Apr-13,17.8
17-Apr-13,17.8
18-Apr-13,17.8
19-Apr-13,17.8
20-Apr-13,17.7
21-Apr-13,17.7
22-Apr-13,18
23-Apr-13,18.2
24-Apr-13,18.8
25-Apr-13,19
26-Apr-13,19.3
27-Apr-13,19.8
28-Apr-13,20.4
29-Apr-13,20.8
30-Apr-13,20.9
1-May-13,21.2
2-May-13,21.7
3-May-13,22.1
4-May-13,22.1
5-May-13,22.2
6-May-13,22.6
7-May-13,22.6
8-May-13,22.5
9-May-13,22
10-May-13,21.9
11-May-13,21.7
12-May-13,21.7
13-May-13,21.5
14-May-13,21.5
15-May-13,21.7
16-May-13,21.7
17-May-13,21.7
18-May-13,21.8
19-May-13,22.3
20-May-13,23
21-May-13,23.2
22-May-13,23.3
23-May-13,23.2
24-May-13,22.9
25-May-13,22.9
26-May-13,23.1
27-May-13,23.2
28-May-13,23.1
29-May-13,22.6
30-May-13,23.3
31-May-13,23.6
1-Jun-13,23.6
2-Jun-13,23.6
3-Jun-13,23.7
4-Jun-13,23.6
5-Jun-13,23.5
6-Jun-13,23.6
7-Jun-13,23.4
8-Jun-13,23.3
9-Jun-13,24.1
10-Jun-13,24.5
11-Jun-13,24.5
12-Jun-13,24.6
13-Jun-13,24.7
14-Jun-13,24.8
15-Jun-13,24.8
16-Jun-13,25.1
17-Jun-13,25.5
18-Jun-13,25.5
19-Jun-13,25.7
20-Jun-13,25.7
21-Jun-13,26
22-Jun-13,26.1
23-Jun-13,26.4
24-Jun-13,26.4
25-Jun-13,26.5
26-Jun-13,26.7
27-Jun-13,27
28-Jun-13,27.3
29-Jun-13,27.2
30-Jun-13,27.1
1-Jul-13,27
2-Jul-13,26.7
3-Jul-13,26.8
4-Jul-13,27
5-Jul-13,27
6-Jul-13,27.2
7-Jul-13,27.4
8-Jul-13,27.5
9-Jul-13,27.7
10-Jul-13,27.8
11-Jul-13,27.9
12-Jul-13,28.1
13-Jul-13,28.3
14-Jul-13,28.4
15-Jul-13,28.5
16-Jul-13,28.6
17-Jul-13,28.6
18-Jul-13,28.6
19-Jul-13,28.7
20-Jul-13,28.7
21-Jul-13,28.6
22-Jul-13,28.6
23-Jul-13,28.6
24-Jul-13,28.7
25-Jul-13,28.7
26-Jul-13,28.6
27-Jul-13,28.5
28-Jul-13,28.4
29-Jul-13,28.4
30-Jul-13,28.4
31-Jul-13,28.3
1-Aug-13,28.3
2-Aug-13,28.5
3-Aug-13,28.7
4-Aug-13,28.8
5-Aug-13,28.8
6-Aug-13,28.8
7-Aug-13,28.8
8-Aug-13,28.9
9-Aug-13,28.9
10-Aug-13,28.8
11-Aug-13,28.7
12-Aug-13,28.7
13-Aug-13,28.8
14-Aug-13,29.1
15-Aug-13,29.1
16-Aug-13,29.2
17-Aug-13,29.2
18-Aug-13,29.1
19-Aug-13,29.1
20-Aug-13,29
21-Aug-13,28.9
22-Aug-13,28.7
23-Aug-13,28.6
24-Aug-13,28.6
25-Aug-13,28.6
26-Aug-13,28.8
27-Aug-13,29
28-Aug-13,29
29-Aug-13,29
30-Aug-13,28.8
31-Aug-13,28.7
1-Sep-13,28.8
2-Sep-13,28.9
3-Sep-13,28.8
4-Sep-13,28.7
5-Sep-13,28.3
6-Sep-13,28
7-Sep-13,27.9
8-Sep-13,27.8
9-Sep-13,27.9
10-Sep-13,28
11-Sep-13,28
12-Sep-13,28.1
13-Sep-13,28.1
14-Sep-13,28
15-Sep-13,28
16-Sep-13,27.6
17-Sep-13,27.6
18-Sep-13,27.4
19-Sep-13,27.5
20-Sep-13,27.4
21-Sep-13,27.3
22-Sep-13,27.1
23-Sep-13,26.8
24-Sep-13,26.8
25-Sep-13,26.7
26-Sep-13,26.7
27-Sep-13,26.6
28-Sep-13,26.6
29-Sep-13,26.6
30-Sep-13,26.6
1-Oct-13,26.4
2-Oct-13,26.4
3-Oct-13,26
4-Oct-13,25.4
5-Oct-13,24.8
6-Oct-13,24.3
7-Oct-13,24
8-Oct-13,24
9-Oct-13,24.2
10-Oct-13,24.4
11-Oct-13,24.4
12-Oct-13,24.4
13-Oct-13,24.5
14-Oct-13,24.3
15-Oct-13,24.2
16-Oct-13,24.1
17-Oct-13,23.8
18-Oct-13,23.6
19-Oct-13,23.4
20-Oct-13,23.2
21-Oct-13,23
22-Oct-13,23
23-Oct-13,23
24-Oct-13,23
25-Oct-13,22.9
26-Oct-13,22.8
27-Oct-13,22.8
28-Oct-13,22.7
29-Oct-13,22.6
30-Oct-13,22.6
31-Oct-13,22.5
1-Nov-13,22.5
2-Nov-13,22.5
3-Nov-13,22.4
4-Nov-13,22.4
5-Nov-13,22.2
6-Nov-13,22.1
7-Nov-13,21.9
8-Nov-13,21.9
9-Nov-13,21.8
10-Nov-13,21.6
11-Nov-13,21.5
12-Nov-13,21.7
13-Nov-13,21.6
14-Nov-13,21.5
15-Nov-13,21.3
16-Nov-13,21.3
17-Nov-13,21.3
18-Nov-13,21.2
19-Nov-13,21.1
20-Nov-13,21
21-Nov-13,21
22-Nov-13,20.8
23-Nov-13,20.6
24-Nov-13,20.6
25-Nov-13,20.8
26-Nov-13,20.6
27-Nov-13,20.8
28-Nov-13,20.8
29-Nov-13,20.8
30-Nov-13,20.7
1-Dec-13,20.6
2-Dec-13,20
3-Dec-13,20
4-Dec-13,20.1
5-Dec-13,20.3
6-Dec-13,20.1
7-Dec-13,20.1
8-Dec-13,19.8
9-Dec-13,19.5
10-Dec-13,19.4
11-Dec-13,18.7
12-Dec-13,18.5
13-Dec-13,18.3
14-Dec-13,18.4
15-Dec-13,18.4
16-Dec-13,18.4
17-Dec-13,18.3
18-Dec-13,18.2
19-Dec-13,18.3
20-Dec-13,18.4
21-Dec-13,18.6
22-Dec-13,18.6
23-Dec-13,18.4
24-Dec-13,18.3
25-Dec-13,18.3
26-Dec-13,17.9
27-Dec-13,17.8
28-Dec-13,17.7
29-Dec-13,18.1
30-Dec-13,18
31-Dec-13,17.9
1-Jan-14,17.8
2-Jan-14,17.7
3-Jan-14,17.7
4-Jan-14,17.7
5-Jan-14,17.7
6-Jan-14,17.6
7-Jan-14,17.6
8-Jan-14,17.6
9-Jan-14,17.6
10-Jan-14,17.7
11-Jan-14,17.6
12-Jan-14,17.5
13-Jan-14,17.6
14-Jan-14,17.8
15-Jan-14,17.8
16-Jan-14,17.6
17-Jan-14,17.7
18-Jan-14,17.7
19-Jan-14,17.7
20-Jan-14,17.5
21-Jan-14,17.3
22-Jan-14,17.5
23-Jan-14,17.5
24-Jan-14,17.4
25-Jan-14,17.4
26-Jan-14,17.2
27-Jan-14,17.2
28-Jan-14,17.1
29-Jan-14,17.2
30-Jan-14,17
31-Jan-14,16.9
1-Feb-14,16.8
2-Feb-14,16.7
3-Feb-14,16.7
4-Feb-14,16.7
5-Feb-14,16.6
6-Feb-14,16.8
7-Feb-14,16.9
8-Feb-14,17
9-Feb-14,16.9
10-Feb-14,17
11-Feb-14,17.1
12-Feb-14,17
13-Feb-14,17
14-Feb-14,16.9
15-Feb-14,17
16-Feb-14,17.2
17-Feb-14,17.2
18-Feb-14,17.2
19-Feb-14,17.1
20-Feb-14,17.1
21-Feb-14,17.1
22-Feb-14,17
23-Feb-14,16.9
24-Feb-14,16.8
25-Feb-14,17
26-Feb-14,17
27-Feb-14,16.9
28-Feb-14,16.8
1-Mar-14,16.7
2-Mar-14,16.9
3-Mar-14,16.9
4-Mar-14,17
5-Mar-14,16.8
6-Mar-14,16.9
7-Mar-14,16.9
8-Mar-14,16.9
9-Mar-14,16.8
10-Mar-14,16.8
11-Mar-14,16.8
12-Mar-14,16.9
13-Mar-14,16.9
14-Mar-14,17
15-Mar-14,17
16-Mar-14,17
17-Mar-14,16.5
18-Mar-14,17
19-Mar-14,17.4
20-Mar-14,17.3
21-Mar-14,17.5
22-Mar-14,17.6
23-Mar-14,17.5
24-Mar-14,17.6
25-Mar-14,17.5
26-Mar-14,17.6
27-Mar-14,17.5
28-Mar-14,17.4
29-Mar-14,17.6
30-Mar-14,17.4
31-Mar-14,17.1
1-Apr-14,17.2
2-Apr-14,17.1
3-Apr-14,17.2
4-Apr-14,17.2
5-Apr-14,17.5
6-Apr-14,17.5
7-Apr-14,17.7
8-Apr-14,17.8
9-Apr-14,17.9
10-Apr-14,18.1
11-Apr-14,18.2
12-Apr-14,18.3
13-Apr-14,18.1
14-Apr-14,18.1
15-Apr-14,18.1
16-Apr-14,18.3
17-Apr-14,18.7
18-Apr-14,18.8
19-Apr-14,18.8
20-Apr-14,18.8
21-Apr-14,18.6
22-Apr-14,19.1
23-Apr-14,19.3
24-Apr-14,19.3
25-Apr-14,19.9
26-Apr-14,19.7
27-Apr-14,19.7
28-Apr-14,19.6
29-Apr-14,19.8
30-Apr-14,19.7
1-May-14,19.8
2-May-14,19.8
3-May-14,19.8
4-May-14,19.8
5-May-14,19.7
6-May-14,20.1
7-May-14,20.3
8-May-14,20.2
9-May-14,19.8
10-May-14,19.9
11-May-14,20.1
12-May-14,20.3
13-May-14,20.5
14-May-14,20.6
15-May-14,20.8
16-May-14,21.3
17-May-14,21.2
18-May-14,21.3
19-May-14,21.4
20-May-14,21.5
21-May-14,21.8
22-May-14,22
23-May-14,22.3
24-May-14,22.6
25-May-14,22.9
26-May-14,23.1
27-May-14,23.4
28-May-14,23.5
29-May-14,23.3
30-May-14,23.1
31-May-14,23.2
1-Jun-14,23
2-Jun-14,22.8
3-Jun-14,22.9
4-Jun-14,22.7
5-Jun-14,22.5
6-Jun-14,22.6
7-Jun-14,22.9
8-Jun-14,23.4
9-Jun-14,23.8
10-Jun-14,24
11-Jun-14,24.1
12-Jun-14,24.6
13-Jun-14,24.7
14-Jun-14,24.8
15-Jun-14,24.9
16-Jun-14,25.2
17-Jun-14,25.5
18-Jun-14,25.4
19-Jun-14,25.6
20-Jun-14,25.3
21-Jun-14,25.2
22-Jun-14,25.4
23-Jun-14,25.5
24-Jun-14,25.7
25-Jun-14,25.9
26-Jun-14,26.1
27-Jun-14,26.3
28-Jun-14,26.3
29-Jun-14,26.3
30-Jun-14,26.6
1-Jul-14,26.9
2-Jul-14,27.4
3-Jul-14,27.6
4-Jul-14,27.5
5-Jul-14,27.6
6-Jul-14,27.8
7-Jul-14,27.7
8-Jul-14,27.8
9-Jul-14,27.8
10-Jul-14,28.1
11-Jul-14,28.1
12-Jul-14,28.1
13-Jul-14,28.1
14-Jul-14,28.1
15-Jul-14,28.2
16-Jul-14,28
17-Jul-14,28
18-Jul-14,28
19-Jul-14,27.9
20-Jul-14,28.1
21-Jul-14,28.5
22-Jul-14,28.6
23-Jul-14,28.6
24-Jul-14,28.4
25-Jul-14,28.3
26-Jul-14,28.4
27-Jul-14,28.4
28-Jul-14,28.5
29-Jul-14,28.5
30-Jul-14,28.7
31-Jul-14,28.9
1-Aug-14,28.8
2-Aug-14,28.8
3-Aug-14,28.8
4-Aug-14,28.9
5-Aug-14,29
6-Aug-14,29
7-Aug-14,29
8-Aug-14,29
9-Aug-14,28.9
10-Aug-14,29
11-Aug-14,29.2
12-Aug-14,29.2
13-Aug-14,29.3
14-Aug-14,29.3
15-Aug-14,29.4
16-Aug-14,29.7
17-Aug-14,29.7
18-Aug-14,29.4
19-Aug-14,29.3
20-Aug-14,29.5
21-Aug-14,29.5
22-Aug-14,29.6
23-Aug-14,29.7
24-Aug-14,29.8
25-Aug-14,29.7
26-Aug-14,29.5
27-Aug-14,29.4
28-Aug-14,29.3
29-Aug-14,29.4
30-Aug-14,29.5
31-Aug-14,29.5
1-Sep-14,29.4
2-Sep-14,29.6
3-Sep-14,29.5
4-Sep-14,29.5
5-Sep-14,29.3
6-Sep-14,29.1
7-Sep-14,29.2
8-Sep-14,29.1
9-Sep-14,29
10-Sep-14,29
11-Sep-14,28.9
12-Sep-14,29
13-Sep-14,29
14-Sep-14,28.9
15-Sep-14,28.8
16-Sep-14,28.7
17-Sep-14,28.5
18-Sep-14,28.1
19-Sep-14,28.1
20-Sep-14,28
21-Sep-14,27.8
22-Sep-14,27.7
23-Sep-14,27.5
24-Sep-14,27.5
25-Sep-14,27.5
26-Sep-14,27.4
27-Sep-14,27.1
28-Sep-14,26.5
29-Sep-14,26.2
30-Sep-14,26
1-Oct-14,26
2-Oct-14,26
3-Oct-14,26
4-Oct-14,25.8
5-Oct-14,25.7
6-Oct-14,25.8
7-Oct-14,26
8-Oct-14,26
9-Oct-14,25.9
10-Oct-14,25.9
11-Oct-14,25.8
12-Oct-14,25.6
13-Oct-14,25.5
14-Oct-14,25.4
15-Oct-14,25.4
16-Oct-14,25.3
17-Oct-14,25.3
18-Oct-14,25.4
19-Oct-14,25.2
20-Oct-14,25
21-Oct-14,24.7
22-Oct-14,24.6
23-Oct-14,24.4
24-Oct-14,24.3
25-Oct-14,24
26-Oct-14,24
27-Oct-14,23.9
28-Oct-14,23.8
29-Oct-14,23.7
30-Oct-14,23.7
31-Oct-14,23.7
1-Nov-14,23.6
2-Nov-14,23.5
3-Nov-14,23.5
4-Nov-14,23.5
5-Nov-14,23.5
6-Nov-14,23.4
7-Nov-14,23.3
8-Nov-14,23.1
9-Nov-14,22.8
10-Nov-14,23
11-Nov-14,22.9
12-Nov-14,22.8
13-Nov-14,22.7
14-Nov-14,22.7
15-Nov-14,22.5
16-Nov-14,22.6
17-Nov-14,22.3
18-Nov-14,22.2
19-Nov-14,22.1
20-Nov-14,22.2
21-Nov-14,22.3
22-Nov-14,22.1
23-Nov-14,21.9
24-Nov-14,21.8
25-Nov-14,21.4
26-Nov-14,21.2
27-Nov-14,21.1
28-Nov-14,20.9
29-Nov-14,20.8
30-Nov-14,20.7
1-Dec-14,20.6
2-Dec-14,20.7
3-Dec-14,20.9
4-Dec-14,20.6
5-Dec-14,20.6
6-Dec-14,20.7
7-Dec-14,20.6
8-Dec-14,20.5
9-Dec-14,20.4
10-Dec-14,20.3
11-Dec-14,20.3
12-Dec-14,20
13-Dec-14,20.4
14-Dec-14,20.3
15-Dec-14,20.2
16-Dec-14,20
17-Dec-14,20
18-Dec-14,20.1
19-Dec-14,20
20-Dec-14,20
21-Dec-14,19.9
22-Dec-14,20.1
23-Dec-14,20.1
24-Dec-14,19.9
25-Dec-14,19.7
26-Dec-14,19.5
27-Dec-14,19.5
28-Dec-14,19.6
29-Dec-14,19.6
30-Dec-14,19.5
31-Dec-14,19.2
1-Jan-15,19
2-Jan-15,18.9
3-Jan-15,18.8
4-Jan-15,18.6
5-Jan-15,18.4
6-Jan-15,18.5
7-Jan-15,18.7
8-Jan-15,18.6
9-Jan-15,18.4
10-Jan-15,18.4
11-Jan-15,18.6
12-Jan-15,18.5
13-Jan-15,18.2
14-Jan-15,18
15-Jan-15,18
16-Jan-15,18
17-Jan-15,18.4
18-Jan-15,18.3
19-Jan-15,18.2
20-Jan-15,18.3
21-Jan-15,18.1
22-Jan-15,18.1
23-Jan-15,18.2
24-Jan-15,18.2
25-Jan-15,18
26-Jan-15,18.2
27-Jan-15,18.2
28-Jan-15,17.9
29-Jan-15,17.9
30-Jan-15,18
31-Jan-15,18
1-Feb-15,18
2-Feb-15,17.9
3-Feb-15,17.9
4-Feb-15,17.8
5-Feb-15,17.6
6-Feb-15,17.5
7-Feb-15,17.6
8-Feb-15,17.5
9-Feb-15,17.4
10-Feb-15,17.2
11-Feb-15,17.5
12-Feb-15,17.4
13-Feb-15,17.5
14-Feb-15,17.4
15-Feb-15,17.3
16-Feb-15,17.2
17-Feb-15,17.1
18-Feb-15,17.1
19-Feb-15,17.3
20-Feb-15,17.5
21-Feb-15,17.4
22-Feb-15,17.3
23-Feb-15,17.1
24-Feb-15,17.1
25-Feb-15,17.2
26-Feb-15,17.3
27-Feb-15,17.3
28-Feb-15,17.2
1-Mar-15,17.1
2-Mar-15,17.2
3-Mar-15,17.2
4-Mar-15,17.3
5-Mar-15,17.3
6-Mar-15,17.2
7-Mar-15,17.2
8-Mar-15,17.2
9-Mar-15,17.2
10-Mar-15,17.1
11-Mar-15,17.3
12-Mar-15,17.4
13-Mar-15,17.3
14-Mar-15,17.3
15-Mar-15,17.4
16-Mar-15,17.4
17-Mar-15,17.2
18-Mar-15,17.1
19-Mar-15,17.2
20-Mar-15,17.1
21-Mar-15,17.1
22-Mar-15,17
23-Mar-15,16.8
24-Mar-15,17.2
25-Mar-15,17.3
26-Mar-15,17.4
27-Mar-15,17.1
28-Mar-15,16.9
29-Mar-15,16.9
30-Mar-15,17
31-Mar-15,17
1-Apr-15,17.2
2-Apr-15,17.2
3-Apr-15,17.5
4-Apr-15,17.4
5-Apr-15,17.3
6-Apr-15,17.3
7-Apr-15,17.3
8-Apr-15,17.3
9-Apr-15,17.2
10-Apr-15,17.1
11-Apr-15,17.2
12-Apr-15,17.3
13-Apr-15,17.5
14-Apr-15,17.5
15-Apr-15,17.6
16-Apr-15,17.8
17-Apr-15,17.8
18-Apr-15,17.8
19-Apr-15,17.8
20-Apr-15,18
21-Apr-15,18
22-Apr-15,17.8
23-Apr-15,17.7
24-Apr-15,17.7
25-Apr-15,17.6
26-Apr-15,17.7
27-Apr-15,18.3
28-Apr-15,18.4
29-Apr-15,18.8
30-Apr-15,18.9
1-May-15,18.9
2-May-15,19
3-May-15,19.4
4-May-15,19.8
5-May-15,20.2
6-May-15,20.6
7-May-15,20.7
8-May-15,20.9
9-May-15,21.1
10-May-15,21.1
11-May-15,21
12-May-15,21.2
13-May-15,21.4
14-May-15,21.3
15-May-15,21.1
16-May-15,21.2
17-May-15,21.5
18-May-15,22.5
19-May-15,22.8
20-May-15,22.5
21-May-15,22.2
22-May-15,22.4
23-May-15,22.6
24-May-15,22.7
25-May-15,22.8
26-May-15,22.8
27-May-15,22.3
28-May-15,22
29-May-15,22
30-May-15,22.1
31-May-15,22.8
1-Jun-15,23.1
2-Jun-15,23.1
3-Jun-15,23.2
4-Jun-15,23.3
5-Jun-15,23.6
6-Jun-15,23.7
7-Jun-15,23.7
8-Jun-15,23.7
9-Jun-15,24
10-Jun-15,24
11-Jun-15,24
12-Jun-15,24.2
13-Jun-15,24.6
14-Jun-15,24.9
15-Jun-15,25.3
16-Jun-15,25.3
17-Jun-15,25.3
18-Jun-15,25.2
19-Jun-15,25
20-Jun-15,25
21-Jun-15,25.2
22-Jun-15,25.4
23-Jun-15,25.4
24-Jun-15,25.7
25-Jun-15,25.7
26-Jun-15,25.7
27-Jun-15,25.4
28-Jun-15,25.3
29-Jun-15,25.5
30-Jun-15,25.8
1-Jul-15,26
2-Jul-15,26.1
3-Jul-15,26.3
4-Jul-15,26.6
5-Jul-15,26.8
6-Jul-15,26.9
7-Jul-15,27.1
8-Jul-15,27.4
9-Jul-15,27.5
10-Jul-15,27.5
11-Jul-15,27.6
12-Jul-15,27.7
13-Jul-15,28
14-Jul-15,28
15-Jul-15,28.2
16-Jul-15,28.3
17-Jul-15,28.4
18-Jul-15,28.5
19-Jul-15,28.4
20-Jul-15,28.5
21-Jul-15,28.5
22-Jul-15,28.7
23-Jul-15,28.7
24-Jul-15,28.5
25-Jul-15,28.6
26-Jul-15,28.7
27-Jul-15,28.8
28-Jul-15,29.2
29-Jul-15,29.3
30-Jul-15,29.3
31-Jul-15,29.2
1-Aug-15,29.5
2-Aug-15,29.7
3-Aug-15,29.9
4-Aug-15,29.9
5-Aug-15,30
6-Aug-15,30
7-Aug-15,30
8-Aug-15,29.9
9-Aug-15,29.7
10-Aug-15,29.5
11-Aug-15,29.3
12-Aug-15,29.4
13-Aug-15,29.6
14-Aug-15,29.5
15-Aug-15,29.6
16-Aug-15,29.5
17-Aug-15,29.5
18-Aug-15,29.5
19-Aug-15,29.5
20-Aug-15,29.6
21-Aug-15,29.5
22-Aug-15,29.5
23-Aug-15,29.5
24-Aug-15,29.3
25-Aug-15,29.4
26-Aug-15,29.1
27-Aug-15,29
28-Aug-15,29
29-Aug-15,28.9
30-Aug-15,28.8
31-Aug-15,28.8
1-Sep-15,28.9
2-Sep-15,28.9
3-Sep-15,28.9
4-Sep-15,28.9
5-Sep-15,29.1
6-Sep-15,29.3
7-Sep-15,29.2
8-Sep-15,29.2
9-Sep-15,29.3
10-Sep-15,29.3
11-Sep-15,29.3
12-Sep-15,29.3
13-Sep-15,29.1
14-Sep-15,29.2
15-Sep-15,29
16-Sep-15,28.8
17-Sep-15,28.9
18-Sep-15,28.8
19-Sep-15,28.8
20-Sep-15,28.6
21-Sep-15,28.5
22-Sep-15,28.3
23-Sep-15,28.6
24-Sep-15,28.5
25-Sep-15,28.4
26-Sep-15,28.2
27-Sep-15,28
28-Sep-15,28
29-Sep-15,27.7
30-Sep-15,27.6
1-Oct-15,27.5
2-Oct-15,27.5
3-Oct-15,27.5
4-Oct-15,27.4
5-Oct-15,27.2
6-Oct-15,27
7-Oct-15,26.9
8-Oct-15,26.5
9-Oct-15,26.7
10-Oct-15,26.3
11-Oct-15,26.1
12-Oct-15,26.2
13-Oct-15,26.5
14-Oct-15,26.3
15-Oct-15,26.2
16-Oct-15,26.1
17-Oct-15,25.9
18-Oct-15,26
19-Oct-15,26
20-Oct-15,25.9
21-Oct-15,25.7
22-Oct-15,25.6
23-Oct-15,25.6
24-Oct-15,25.1
25-Oct-15,24.9
26-Oct-15,25
27-Oct-15,25.1
28-Oct-15,25.1
29-Oct-15,24.9
30-Oct-15,24.6
31-Oct-15,24.4
1-Nov-15,24.5
2-Nov-15,24.4
3-Nov-15,24.2
4-Nov-15,24
5-Nov-15,23.6
6-Nov-15,23.5
7-Nov-15,23.6
8-Nov-15,23.6
9-Nov-15,23.5
10-Nov-15,23.2
11-Nov-15,23.1
12-Nov-15,23
13-Nov-15,22.9
14-Nov-15,22.7
15-Nov-15,22.5
16-Nov-15,22.6
17-Nov-15,22.6
18-Nov-15,22.4
19-Nov-15,22.2
20-Nov-15,22
21-Nov-15,22.1
22-Nov-15,22
23-Nov-15,22.1
24-Nov-15,21.9
25-Nov-15,21.9
26-Nov-15,21.7
27-Nov-15,21.3
28-Nov-15,21.4
29-Nov-15,21.3
30-Nov-15,21.5
1-Dec-15,21.3
2-Dec-15,21.3
3-Dec-15,21
4-Dec-15,20.8
5-Dec-15,20.7
6-Dec-15,20.6
7-Dec-15,20.6
8-Dec-15,20.4
9-Dec-15,20.2
10-Dec-15,20.2
11-Dec-15,20
12-Dec-15,20
13-Dec-15,20.2
14-Dec-15,20.1
15-Dec-15,19.9
16-Dec-15,19.7
17-Dec-15,19.7
18-Dec-15,19.7
19-Dec-15,19.6
20-Dec-15,19.6
21-Dec-15,19.7
22-Dec-15,19.6
23-Dec-15,19.6
24-Dec-15,19.5
25-Dec-15,19.3
26-Dec-15,19.3
27-Dec-15,19.2
28-Dec-15,19.1
29-Dec-15,19.2
30-Dec-15,19.1
31-Dec-15,18.7
1-Jan-16,18.2
2-Jan-16,18
3-Jan-16,17.9
4-Jan-16,17.8
5-Jan-16,18.1
6-Jan-16,18
7-Jan-16,18.2
8-Jan-16,18.3
9-Jan-16,18.2
10-Jan-16,18
11-Jan-16,18.1
12-Jan-16,17.9
13-Jan-16,17.9
14-Jan-16,18.1
15-Jan-16,17.9
16-Jan-16,17.8
17-Jan-16,17.7
18-Jan-16,17.4
19-Jan-16,17.5
20-Jan-16,17.4
21-Jan-16,17.2
22-Jan-16,17.4
23-Jan-16,17.4
24-Jan-16,17.3
25-Jan-16,17.2
26-Jan-16,17.2
27-Jan-16,17.2
28-Jan-16,17.2
29-Jan-16,17.2
30-Jan-16,17.1
31-Jan-16,16.9
1-Feb-16,17.2
2-Feb-16,17.6
3-Feb-16,17.5
4-Feb-16,17.4
5-Feb-16,17.2
6-Feb-16,17.1
7-Feb-16,17.2
8-Feb-16,17.1
9-Feb-16,16.9
10-Feb-16,16.9
11-Feb-16,17
12-Feb-16,17
13-Feb-16,17
14-Feb-16,17.1
15-Feb-16,17.4
16-Feb-16,17.5
17-Feb-16,17.3
18-Feb-16,17.5
19-Feb-16,17.4
20-Feb-16,17.5
21-Feb-16,17.3
22-Feb-16,17.5
23-Feb-16,17.4
24-Feb-16,17.2
25-Feb-16,17.1
26-Feb-16,17.2
27-Feb-16,17.2
28-Feb-16,17.4
29-Feb-16,17.5
1-Mar-16,17.8
2-Mar-16,17.8
3-Mar-16,17.2
4-Mar-16,17.2
5-Mar-16,17.4
6-Mar-16,17.4
7-Mar-16,17.5
8-Mar-16,17.4
9-Mar-16,17.2
10-Mar-16,17.3
11-Mar-16,17.6
12-Mar-16,17.4
13-Mar-16,17.3
14-Mar-16,17.2
15-Mar-16,17.2
16-Mar-16,17.3
17-Mar-16,17.1
18-Mar-16,17
19-Mar-16,17
20-Mar-16,17.2
21-Mar-16,17.1
22-Mar-16,17
23-Mar-16,16.9
24-Mar-16,16.8
25-Mar-16,16.9
26-Mar-16,17.2
27-Mar-16,17.2
28-Mar-16,17.2
29-Mar-16,17.2
30-Mar-16,17.5
31-Mar-16,17.8
1-Apr-16,17.8
2-Apr-16,17.8
3-Apr-16,18.1
4-Apr-16,18.3
5-Apr-16,18.5
6-Apr-16,18.6
7-Apr-16,18.5
8-Apr-16,18.4
9-Apr-16,18.7
10-Apr-16,18.7
11-Apr-16,18.6
12-Apr-16,18.5
13-Apr-16,18.8
14-Apr-16,18.9
15-Apr-16,19
16-Apr-16,19.3
17-Apr-16,19.6
18-Apr-16,19.9
19-Apr-16,20.2
20-Apr-16,20.1
21-Apr-16,20.2
22-Apr-16,19.9
23-Apr-16,19.9
24-Apr-16,19.8
25-Apr-16,19.9
26-Apr-16,19.8
27-Apr-16,19.8
28-Apr-16,19.9
29-Apr-16,20
30-Apr-16,20.3
1-May-16,20.4
2-May-16,20.4
3-May-16,20.5
4-May-16,20.5
5-May-16,20.4
6-May-16,20.3
7-May-16,20.4
8-May-16,20.5
9-May-16,20.7
10-May-16,20.9
11-May-16,21.1
12-May-16,21.3
13-May-16,21.6
14-May-16,21.8
15-May-16,21.9
16-May-16,22.1
17-May-16,22
18-May-16,21.8
19-May-16,21.9
20-May-16,21.9
21-May-16,21.9
22-May-16,21.9
23-May-16,21.9
24-May-16,21.9
25-May-16,21.8
26-May-16,21.8
27-May-16,21.9
28-May-16,22.1
29-May-16,22.2
30-May-16,22.5
31-May-16,22.8
1-Jun-16,23
2-Jun-16,23.3
3-Jun-16,23.5
4-Jun-16,24
5-Jun-16,24.1
6-Jun-16,24.1
7-Jun-16,24
8-Jun-16,23.8
9-Jun-16,23.6
10-Jun-16,23.7
11-Jun-16,23.9
12-Jun-16,24.3
13-Jun-16,24.4
14-Jun-16,24.3
15-Jun-16,24.6
16-Jun-16,24.7
17-Jun-16,25.5
18-Jun-16,25.2
19-Jun-16,25.9
20-Jun-16,26.2
21-Jun-16,26.5
22-Jun-16,26.6
23-Jun-16,26.8
24-Jun-16,27.2
25-Jun-16,27.3
26-Jun-16,27.2
27-Jun-16,26.8
28-Jun-16,26.8
29-Jun-16,26.9
30-Jun-16,26.9
1-Jul-16,27.4
2-Jul-16,27.6
3-Jul-16,27.8
4-Jul-16,28
5-Jul-16,28.4
6-Jul-16,28.2
7-Jul-16,27.9
8-Jul-16,27.9
9-Jul-16,28.1
10-Jul-16,28.3
11-Jul-16,28.2
12-Jul-16,28.4
13-Jul-16,28.6
14-Jul-16,28.8
15-Jul-16,29
16-Jul-16,29.2
17-Jul-16,29.1
18-Jul-16,28.9
19-Jul-16,28.8
20-Jul-16,28.7
21-Jul-16,28.8
22-Jul-16,28.9
23-Jul-16,29.3
24-Jul-16,29.5
25-Jul-16,29.4
26-Jul-16,29.3
27-Jul-16,29.3
28-Jul-16,29.3
29-Jul-16,29.4
30-Jul-16,29.4
31-Jul-16,29.7
1-Aug-16,29.8
2-Aug-16,29.9
3-Aug-16,29.9
4-Aug-16,29.9
5-Aug-16,29.9
6-Aug-16,30
7-Aug-16,30.1
8-Aug-16,30.2
9-Aug-16,30.2
10-Aug-16,30.1
11-Aug-16,29.9
12-Aug-16,29.9
13-Aug-16,29.9
14-Aug-16,29.8
15-Aug-16,29.7
16-Aug-16,29.6
17-Aug-16,29.8
18-Aug-16,29.8
19-Aug-16,29.7
20-Aug-16,29.7
21-Aug-16,29.6
22-Aug-16,29.6
23-Aug-16,29.6
24-Aug-16,29.7
25-Aug-16,29.7
26-Aug-16,29.6
27-Aug-16,29.5
28-Aug-16,29.4
29-Aug-16,29.5
30-Aug-16,29.4
31-Aug-16,29.4
1-Sep-16,29.4
2-Sep-16,29.3
3-Sep-16,29.2
4-Sep-16,29
5-Sep-16,28.9
6-Sep-16,28.8
7-Sep-16,28.8
8-Sep-16,28.8
9-Sep-16,28.8
10-Sep-16,28.8
11-Sep-16,28.8
12-Sep-16,28.6
13-Sep-16,28.4
14-Sep-16,28.4
15-Sep-16,28.4
16-Sep-16,28.5
17-Sep-16,28.5
18-Sep-16,28.3
19-Sep-16,28.1
20-Sep-16,28
21-Sep-16,27.9
22-Sep-16,27.6
23-Sep-16,27.5
24-Sep-16,27
25-Sep-16,26.7
26-Sep-16,26.5
27-Sep-16,26.4
28-Sep-16,26.3
29-Sep-16,26.3
30-Sep-16,26.3
1-Oct-16,26.2
2-Oct-16,26.3
3-Oct-16,26.3
4-Oct-16,26.2
5-Oct-16,26.1
6-Oct-16,26
7-Oct-16,26
8-Oct-16,25.9
9-Oct-16,26.1
10-Oct-16,25.9
11-Oct-16,25.8
12-Oct-16,25.6
13-Oct-16,25.8
14-Oct-16,25.8
15-Oct-16,25.7
16-Oct-16,25.6
17-Oct-16,25.2
18-Oct-16,25.1
19-Oct-16,24.9
20-Oct-16,25
21-Oct-16,25
22-Oct-16,24.9
23-Oct-16,24.9
24-Oct-16,24.8
25-Oct-16,24.9
26-Oct-16,24.7
27-Oct-16,24.5
28-Oct-16,24.4
29-Oct-16,24.3
30-Oct-16,24.5
31-Oct-16,24.3
1-Nov-16,24
2-Nov-16,23.7
3-Nov-16,23.4
4-Nov-16,23.3
5-Nov-16,23.3
6-Nov-16,23.1
7-Nov-16,22.9
8-Nov-16,22.9
9-Nov-16,22.9
10-Nov-16,23.1
11-Nov-16,22.9
12-Nov-16,22.9
13-Nov-16,22.8
14-Nov-16,22.7
15-Nov-16,23
16-Nov-16,22.9
17-Nov-16,22.5
18-Nov-16,22.3
19-Nov-16,22.3
20-Nov-16,22.1
21-Nov-16,22
22-Nov-16,21.9
23-Nov-16,21.8
24-Nov-16,21.8
25-Nov-16,21.6
26-Nov-16,21.5
27-Nov-16,21.4
28-Nov-16,21.3
29-Nov-16,21.2
30-Nov-16,21.1
1-Dec-16,21.1
2-Dec-16,21
3-Dec-16,20.8
4-Dec-16,20.6
5-Dec-16,20.8
6-Dec-16,20.6
7-Dec-16,20.6
8-Dec-16,20.4
9-Dec-16,20.3
10-Dec-16,20.2
11-Dec-16,20.1
12-Dec-16,20
13-Dec-16,20
14-Dec-16,19.8
15-Dec-16,19.7
16-Dec-16,19.5
17-Dec-16,19.4
18-Dec-16,19.2
19-Dec-16,19.1
20-Dec-16,19
21-Dec-16,18.9
22-Dec-16,18.8
23-Dec-16,18.7
24-Dec-16,18.6
25-Dec-16,18.6
26-Dec-16,18.4
27-Dec-16,18.4
28-Dec-16,18.2
29-Dec-16,18.1
30-Dec-16,18
31-Dec-16,18
1-Jan-17,17.9
2-Jan-17,17.8
3-Jan-17,17.7
4-Jan-17,17.7
5-Jan-17,17.7
6-Jan-17,17.7
7-Jan-17,17.7
8-Jan-17,17.6
9-Jan-17,17.6
10-Jan-17,17.6
11-Jan-17,17.5
12-Jan-17,17.4
13-Jan-17,17.4
14-Jan-17,17.2
15-Jan-17,17.1
16-Jan-17,17.2
17-Jan-17,17.2
18-Jan-17,17.2
19-Jan-17,17.2
20-Jan-17,17.3
21-Jan-17,17.2
22-Jan-17,17.1
23-Jan-17,17
24-Jan-17,16.8
25-Jan-17,16.9
26-Jan-17,17
27-Jan-17,17.2
28-Jan-17,17.2
29-Jan-17,17.1
30-Jan-17,17
31-Jan-17,16.9
1-Feb-17,17
2-Feb-17,16.9
3-Feb-17,16.8
4-Feb-17,16.8
5-Feb-17,16.8
6-Feb-17,16.8
7-Feb-17,16.9
8-Feb-17,16.7
9-Feb-17,16.5
10-Feb-17,16.4
11-Feb-17,16.6
12-Feb-17,16.9
13-Feb-17,16.9
14-Feb-17,16.9
15-Feb-17,16.8
16-Feb-17,16.6
17-Feb-17,16.5
18-Feb-17,16.5
19-Feb-17,16.3
20-Feb-17,16.2
21-Feb-17,16.2
22-Feb-17,16.4
23-Feb-17,16.4
24-Feb-17,16.4
25-Feb-17,16.2
26-Feb-17,16.3
27-Feb-17,16.8
28-Feb-17,16.4
1-Mar-17,16.3
2-Mar-17,16.4
3-Mar-17,16.5
4-Mar-17,16.6
5-Mar-17,16.7
6-Mar-17,16.6
7-Mar-17,16.7
8-Mar-17,16.7
9-Mar-17,16.3
10-Mar-17,16.3
11-Mar-17,16.4
12-Mar-17,16.4
13-Mar-17,16.4
14-Mar-17,16.5
15-Mar-17,16.4
16-Mar-17,16.3
17-Mar-17,16.5
18-Mar-17,16.6
19-Mar-17,16.6
20-Mar-17,16.6
21-Mar-17,16.6
22-Mar-17,16.7
23-Mar-17,16.8
24-Mar-17,16.9
25-Mar-17,16.9
26-Mar-17,17
27-Mar-17,17.1
28-Mar-17,17.2
29-Mar-17,17.2
30-Mar-17,17.2
31-Mar-17,17.2
1-Apr-17,17.4
2-Apr-17,17.5
3-Apr-17,17.5
4-Apr-17,17.6
5-Apr-17,17.8
6-Apr-17,17.8
7-Apr-17,17.8
8-Apr-17,17.9
9-Apr-17,17.8
10-Apr-17,17.6
11-Apr-17,17.6
12-Apr-17,17.4
13-Apr-17,17.4
14-Apr-17,17.6
15-Apr-17,17.9
16-Apr-17,18
17-Apr-17,17.9
18-Apr-17,18.2
19-Apr-17,18.1
20-Apr-17,18
21-Apr-17,17.9
22-Apr-17,18.1
23-Apr-17,18.2
24-Apr-17,18.2
25-Apr-17,18.2
26-Apr-17,18.4
27-Apr-17,18.8
28-Apr-17,18.6
29-Apr-17,18.9
30-Apr-17,19
1-May-17,19.3
2-May-17,19.6
3-May-17,19.7
4-May-17,19.9
5-May-17,20.3
6-May-17,20.4
7-May-17,20.4
8-May-17,20.4
9-May-17,20.3
10-May-17,20.7
11-May-17,21
12-May-17,21.2
13-May-17,21.5
14-May-17,22
15-May-17,21.9
16-May-17,21.7
17-May-17,21.6
18-May-17,21.6
19-May-17,21.6
20-May-17,21.6
21-May-17,21.6
22-May-17,21.7
23-May-17,21.4
24-May-17,21.5
25-May-17,21.6
26-May-17,21.8
27-May-17,22
28-May-17,22.1
29-May-17,22.2
30-May-17,22.2
31-May-17,22.3
1-Jun-17,22.5
2-Jun-17,22.7
3-Jun-17,23
4-Jun-17,23.2
5-Jun-17,23.4
6-Jun-17,23.6
7-Jun-17,23.8
8-Jun-17,23.9
9-Jun-17,24.6
10-Jun-17,24.8
11-Jun-17,24.8
12-Jun-17,24.9
13-Jun-17,25
14-Jun-17,25.2
15-Jun-17,25.3
16-Jun-17,25.5
17-Jun-17,25.5
18-Jun-17,25.6
19-Jun-17,25.3
20-Jun-17,25.1
21-Jun-17,25
22-Jun-17,25.1
23-Jun-17,25.3
24-Jun-17,25.6
25-Jun-17,25.8
26-Jun-17,26.2
27-Jun-17,26.5
28-Jun-17,26.7
29-Jun-17,27.2
30-Jun-17,27.6
1-Jul-17,27.8
2-Jul-17,28.2
3-Jul-17,28.5
4-Jul-17,28.4
5-Jul-17,28.4
6-Jul-17,28.3
7-Jul-17,28.4
8-Jul-17,28.1
9-Jul-17,28
10-Jul-17,28.1
11-Jul-17,28.3
12-Jul-17,28.5
13-Jul-17,28.8
14-Jul-17,28.9
15-Jul-17,29.1
16-Jul-17,29.2
17-Jul-17,29.4
18-Jul-17,29.2
19-Jul-17,28.9
20-Jul-17,28.8
21-Jul-17,28.9
22-Jul-17,29.1
23-Jul-17,29.4
24-Jul-17,29.5
25-Jul-17,29.4
26-Jul-17,29.3
27-Jul-17,29.5
28-Jul-17,29.4
29-Jul-17,29.3
30-Jul-17,29.2
31-Jul-17,29.2
1-Aug-17,29.2
2-Aug-17,29.3
3-Aug-17,29.4
4-Aug-17,29.3
5-Aug-17,29.3
6-Aug-17,29.4
7-Aug-17,29.5
8-Aug-17,29.6
9-Aug-17,29.5
10-Aug-17,29.4
11-Aug-17,29.5
12-Aug-17,29.6
13-Aug-17,29.6
14-Aug-17,29.9
15-Aug-17,29.8
16-Aug-17,30.1
17-Aug-17,30
18-Aug-17,29.9
19-Aug-17,30
20-Aug-17,29.9
21-Aug-17,29.9
22-Aug-17,29.7
23-Aug-17,29.6
24-Aug-17,29.6
25-Aug-17,29.6
26-Aug-17,29.5
27-Aug-17,29.3
28-Aug-17,29.2
29-Aug-17,29.3
30-Aug-17,29.3
31-Aug-17,29.2
1-Sep-17,29.3
2-Sep-17,29.2
3-Sep-17,29.2
4-Sep-17,29.2
5-Sep-17,29.1
6-Sep-17,28.9
7-Sep-17,28.6
8-Sep-17,28.6
9-Sep-17,28.5
10-Sep-17,28.3
11-Sep-17,28.4
12-Sep-17,28.4
13-Sep-17,28.5
14-Sep-17,28.5
15-Sep-17,28.5
16-Sep-17,28.3
17-Sep-17,28.1
18-Sep-17,28.2
19-Sep-17,28.3
20-Sep-17,28.4
21-Sep-17,28.6
22-Sep-17,28.5
23-Sep-17,28.3
24-Sep-17,28
25-Sep-17,27.7
26-Sep-17,27.7
27-Sep-17,27.5
28-Sep-17,27.4
29-Sep-17,27.4
30-Sep-17,27.3
1-Oct-17,27.2
2-Oct-17,27.1
3-Oct-17,26.9
4-Oct-17,26.6
5-Oct-17,26.4
6-Oct-17,26.3
7-Oct-17,26.1
8-Oct-17,26
9-Oct-17,25.8
10-Oct-17,25.7
11-Oct-17,25.6
12-Oct-17,25.5
13-Oct-17,25.4
14-Oct-17,25.3
15-Oct-17,25.2
16-Oct-17,25.1
17-Oct-17,25
18-Oct-17,24.8
19-Oct-17,24.9
20-Oct-17,24.8
21-Oct-17,24.7
22-Oct-17,24.6
23-Oct-17,24.5
24-Oct-17,24.6
25-Oct-17,24.5
26-Oct-17,24.4
27-Oct-17,24.3
28-Oct-17,24.3
29-Oct-17,24.3
30-Oct-17,24.2
31-Oct-17,24.1
1-Nov-17,24
2-Nov-17,23.7
3-Nov-17,23.5
4-Nov-17,23.4
5-Nov-17,23.2
6-Nov-17,23.3
7-Nov-17,23.1
8-Nov-17,22.9
9-Nov-17,22.8
10-Nov-17,22.8
11-Nov-17,22.7
12-Nov-17,22.5
13-Nov-17,22.4
14-Nov-17,22.2
15-Nov-17,22.4
16-Nov-17,22.7
17-Nov-17,22.5
18-Nov-17,22.3
19-Nov-17,22.4
20-Nov-17,22.4
21-Nov-17,22.4
22-Nov-17,22.2
23-Nov-17,22
24-Nov-17,21.8
25-Nov-17,21.6
26-Nov-17,21.4
27-Nov-17,21.3
28-Nov-17,21.4
29-Nov-17,21.3
30-Nov-17,21.2
1-Dec-17,21.1
2-Dec-17,21.2
3-Dec-17,21
4-Dec-17,20.8
5-Dec-17,21
6-Dec-17,20.9
7-Dec-17,20.7
8-Dec-17,20.6
9-Dec-17,20.4
10-Dec-17,20.4
11-Dec-17,20.3
12-Dec-17,20.5
13-Dec-17,20.5
14-Dec-17,20.5
15-Dec-17,20.4
16-Dec-17,20.2
17-Dec-17,20.3
18-Dec-17,20.4
19-Dec-17,20.3
20-Dec-17,20
21-Dec-17,19.8
22-Dec-17,19.7
23-Dec-17,19.9
24-Dec-17,19.9
25-Dec-17,19.9
26-Dec-17,19.7
27-Dec-17,19.6
28-Dec-17,19.4
29-Dec-17,19.3
30-Dec-17,19.3
31-Dec-17,19.3
1-Jan-18,19.3
2-Jan-18,19.2
3-Jan-18,19.1
4-Jan-18,19.2
5-Jan-18,19.2
6-Jan-18,19
7-Jan-18,18.8
8-Jan-18,18.7
9-Jan-18,18.7
10-Jan-18,18.6
11-Jan-18,18.4
12-Jan-18,18.6
13-Jan-18,18.6
14-Jan-18,18.8
15-Jan-18,18.8
16-Jan-18,18.7
17-Jan-18,18.7
18-Jan-18,18.8
19-Jan-18,18.7
20-Jan-18,18.5
21-Jan-18,18.4
22-Jan-18,18.4
23-Jan-18,18.4
24-Jan-18,18.4
25-Jan-18,18.3
26-Jan-18,18.4
27-Jan-18,18.4
28-Jan-18,18.3
29-Jan-18,18.3
30-Jan-18,18.2
31-Jan-18,18.1
1-Feb-18,18
2-Feb-18,17.9
3-Feb-18,18
4-Feb-18,17.9
5-Feb-18,17.6
6-Feb-18,17.6
7-Feb-18,17.6
8-Feb-18,17.6
9-Feb-18,17.7
10-Feb-18,17.7
11-Feb-18,18
12-Feb-18,18
13-Feb-18,17.8
14-Feb-18,17.8
15-Feb-18,17.8
16-Feb-18,17.4
17-Feb-18,18.2
18-Feb-18,18
19-Feb-18,17.8
20-Feb-18,17.8
21-Feb-18,17.5
22-Feb-18,17.5
23-Feb-18,17.7
24-Feb-18,17.8
25-Feb-18,17.7
26-Feb-18,17.7
27-Feb-18,17.4
28-Feb-18,17.2
1-Mar-18,17.4
2-Mar-18,17.3
3-Mar-18,17
4-Mar-18,16.6
5-Mar-18,16.7
6-Mar-18,16.6
7-Mar-18,16.6
8-Mar-18,17.4
9-Mar-18,17.6
10-Mar-18,17.4
11-Mar-18,17.6
12-Mar-18,17.5
13-Mar-18,17.4
14-Mar-18,17.7
15-Mar-18,17.9
16-Mar-18,17.8
17-Mar-18,17.7
18-Mar-18,17.3
19-Mar-18,17.8
20-Mar-18,17.7
21-Mar-18,17.7
22-Mar-18,17.9
23-Mar-18,17.9
24-Mar-18,18
25-Mar-18,17.5
26-Mar-18,17
27-Mar-18,16.9
28-Mar-18,16.9
29-Mar-18,17.7
30-Mar-18,17.8
31-Mar-18,17.9
1-Apr-18,17.7
2-Apr-18,18.3
3-Apr-18,18.3
4-Apr-18,18.2
5-Apr-18,18.6
6-Apr-18,18.6
7-Apr-18,18.4
8-Apr-18,18.4
9-Apr-18,18.6
10-Apr-18,18.8
11-Apr-18,18.8
12-Apr-18,18.7
13-Apr-18,19.2
14-Apr-18,20.1
15-Apr-18,20.6
16-Apr-18,20.2
17-Apr-18,20.6
18-Apr-18,20.9
19-Apr-18,20.5
20-Apr-18,20.7
21-Apr-18,19.8
22-Apr-18,19.6
23-Apr-18,19.4
24-Apr-18,19.8
25-Apr-18,20
26-Apr-18,20.1
27-Apr-18,20.2
28-Apr-18,20.5
29-Apr-18,20.7
30-Apr-18,21.2
1-May-18,22.1
2-May-18,21.3
3-May-18,21.8
4-May-18,21.8
5-May-18,21.8
6-May-18,21.5
7-May-18,21.8
8-May-18,21.9
9-May-18,22.1
10-May-18,22
11-May-18,22.3
12-May-18,22.2
13-May-18,22.2
14-May-18,22.2
15-May-18,22.5
16-May-18,22.8
17-May-18,23.6
18-May-18,24.1
19-May-18,24.3
20-May-18,24.1
21-May-18,23.9
22-May-18,24.6
23-May-18,25.1
24-May-18,24.7
25-May-18,24.5
26-May-18,24.4
27-May-18,24.7
28-May-18,24.5
29-May-18,24.8
30-May-18,25
31-May-18,25.1
1-Jun-18,25.2
2-Jun-18,25.2
3-Jun-18,25.2
4-Jun-18,25.3
5-Jun-18,25.6
6-Jun-18,25.6
7-Jun-18,26
8-Jun-18,26.7
9-Jun-18,26.5
10-Jun-18,26.6
11-Jun-18,26.7
12-Jun-18,26.6
13-Jun-18,26.7
14-Jun-18,26.9
15-Jun-18,26.7
16-Jun-18,26.7
17-Jun-18,26.7
18-Jun-18,26.6
19-Jun-18,26.6
20-Jun-18,26.6
21-Jun-18,26.5
22-Jun-18,26.6
23-Jun-18,26.6
24-Jun-18,26.8
25-Jun-18,27
26-Jun-18,27.1
27-Jun-18,27.1
28-Jun-18,27.2
29-Jun-18,27.1
30-Jun-18,26.9
1-Jul-18,26.7
2-Jul-18,27.1
3-Jul-18,27.5
4-Jul-18,28.1
5-Jul-18,27.5
6-Jul-18,27.5
7-Jul-18,27.1
8-Jul-18,27.2
9-Jul-18,27.4
10-Jul-18,27.7
11-Jul-18,27.8
12-Jul-18,27.7
13-Jul-18,28.5
14-Jul-18,28.5
15-Jul-18,28.3
16-Jul-18,28.3
17-Jul-18,28.1
18-Jul-18,28
19-Jul-18,28.4
20-Jul-18,28.6
21-Jul-18,28.9
22-Jul-18,29.3
23-Jul-18,28.5
24-Jul-18,28.7
25-Jul-18,28.7
26-Jul-18,28.6
27-Jul-18,28.7
28-Jul-18,28.8
29-Jul-18,28.8
30-Jul-18,28.8
31-Jul-18,29
1-Aug-18,29.1
2-Aug-18,29.4
3-Aug-18,29.5
4-Aug-18,29.7
5-Aug-18,29.9
6-Aug-18,29.7
7-Aug-18,29.6
8-Aug-18,29.5
9-Aug-18,29.6
10-Aug-18,29.5
11-Aug-18,29.4
12-Aug-18,28.9
13-Aug-18,28.8
14-Aug-18,28.7
15-Aug-18,28.7
16-Aug-18,28.6
17-Aug-18,28.8
18-Aug-18,28.9
19-Aug-18,29.2
20-Aug-18,29.2
21-Aug-18,29.5
22-Aug-18,29.4
23-Aug-18,29.5
24-Aug-18,29.6
25-Aug-18,29.4
26-Aug-18,29.4
27-Aug-18,29.4
28-Aug-18,29.6
29-Aug-18,29.5
30-Aug-18,29.5
31-Aug-18,29.5
1-Sep-18,29.8
2-Sep-18,30.1
3-Sep-18,30
4-Sep-18,29.7
5-Sep-18,29.5
6-Sep-18,29.5
7-Sep-18,29.3
8-Sep-18,29.1
9-Sep-18,28.9
10-Sep-18,29
11-Sep-18,28.8
12-Sep-18,28.7
13-Sep-18,28.8
14-Sep-18,28.8
15-Sep-18,28.6
16-Sep-18,28.5
17-Sep-18,28.5
18-Sep-18,28.4
19-Sep-18,28.3
20-Sep-18,28.1
21-Sep-18,28.2
22-Sep-18,28.2
23-Sep-18,28.2
24-Sep-18,28.2
25-Sep-18,28.1
26-Sep-18,28.1
27-Sep-18,28
28-Sep-18,27.9
29-Sep-18,27.8
30-Sep-18,27.7
1-Oct-18,27.7
2-Oct-18,27.3
3-Oct-18,27.2
4-Oct-18,27.3
5-Oct-18,27.2
6-Oct-18,26.9
7-Oct-18,26.6
8-Oct-18,26.7
9-Oct-18,26.6
10-Oct-18,26.6
11-Oct-18,26.5
12-Oct-18,26.1
13-Oct-18,26.1
14-Oct-18,26.2
15-Oct-18,25.6
16-Oct-18,25.2
17-Oct-18,25
18-Oct-18,25.2
19-Oct-18,24.7
20-Oct-18,25
21-Oct-18,25.3
22-Oct-18,25.7
23-Oct-18,25.5
24-Oct-18,25.5
25-Oct-18,25.6
26-Oct-18,25.3
27-Oct-18,24.7
28-Oct-18,24.5
29-Oct-18,24.4
30-Oct-18,24.6
31-Oct-18,24.6
1-Nov-18,24.4
2-Nov-18,24.2
3-Nov-18,23.8
4-Nov-18,24.2
5-Nov-18,24.1
6-Nov-18,23.7
7-Nov-18,23.6
8-Nov-18,23.4
9-Nov-18,23.3
10-Nov-18,23.2
11-Nov-18,22.9
12-Nov-18,22.8
13-Nov-18,22.8
14-Nov-18,22.6
15-Nov-18,22.2
16-Nov-18,22.2
17-Nov-18,22
18-Nov-18,22
19-Nov-18,22
20-Nov-18,21.8
21-Nov-18,21.8
22-Nov-18,21.6
23-Nov-18,21.7
24-Nov-18,21.6
25-Nov-18,21.4
26-Nov-18,21.3
27-Nov-18,21.1
28-Nov-18,20.9
29-Nov-18,21
30-Nov-18,21.1
1-Dec-18,21
2-Dec-18,21
3-Dec-18,20.9
4-Dec-18,20.8
5-Dec-18,20.7
6-Dec-18,20.9
7-Dec-18,21
8-Dec-18,20.7
9-Dec-18,20.4
10-Dec-18,20.5
11-Dec-18,20.5
12-Dec-18,20.7
13-Dec-18,20.3
14-Dec-18,20.1
15-Dec-18,19.9
16-Dec-18,19.9
17-Dec-18,19.8
18-Dec-18,19.7
19-Dec-18,19.4
20-Dec-18,19.2
21-Dec-18,19
22-Dec-18,18.9
23-Dec-18,19.1
24-Dec-18,18.8
25-Dec-18,19.4
26-Dec-18,19.3
27-Dec-18,19.5
28-Dec-18,19.4
29-Dec-18,19.2
30-Dec-18,19.1
31-Dec-18,19
1-Jan-19,18.9
2-Jan-19,18.7
3-Jan-19,19
4-Jan-19,19.2
5-Jan-19,19.2
6-Jan-19,19
7-Jan-19,18.8
8-Jan-19,19.1
9-Jan-19,18.8
10-Jan-19,18.6
11-Jan-19,18.8
12-Jan-19,18.6
13-Jan-19,18.4
14-Jan-19,18.2
15-Jan-19,18.4
16-Jan-19,18.5
17-Jan-19,18.4
18-Jan-19,18.3
19-Jan-19,18.2
20-Jan-19,18.2
21-Jan-19,17.9
22-Jan-19,18.1
23-Jan-19,18.6
24-Jan-19,18.1
25-Jan-19,18
26-Jan-19,17.5
27-Jan-19,17.9
28-Jan-19,18.1
29-Jan-19,18
30-Jan-19,17.8
31-Jan-19,17.3
1-Feb-19,17.2
2-Feb-19,17.2
3-Feb-19,17.1
4-Feb-19,16.9
5-Feb-19,17.1
6-Feb-19,17.1
7-Feb-19,17.1
8-Feb-19,16.8
9-Feb-19,16.8
10-Feb-19,16.8
11-Feb-19,16.8
12-Feb-19,16.9
13-Feb-19,16.9
14-Feb-19,16.8
15-Feb-19,16.9
16-Feb-19,16.7
17-Feb-19,16.6
18-Feb-19,16.9
19-Feb-19,17
20-Feb-19,16.9
21-Feb-19,17.1
22-Feb-19,17
23-Feb-19,17
24-Feb-19,16.8
25-Feb-19,16.7
26-Feb-19,16.9
27-Feb-19,17.3
28-Feb-19,17.2
1-Mar-19,17
2-Mar-19,16.9
3-Mar-19,17
4-Mar-19,17
5-Mar-19,16.6
6-Mar-19,16.8
7-Mar-19,17
8-Mar-19,16.9
9-Mar-19,16.7
10-Mar-19,17.1
11-Mar-19,16.9
12-Mar-19,16.9
13-Mar-19,16.7
14-Mar-19,17.2
15-Mar-19,17
16-Mar-19,16.9
17-Mar-19,17.1
18-Mar-19,17.3
19-Mar-19,17.3
20-Mar-19,17.2
21-Mar-19,17.5
22-Mar-19,17.7
23-Mar-19,17.9
24-Mar-19,17.7
25-Mar-19,17.2
26-Mar-19,17.2
27-Mar-19,17.1
28-Mar-19,17.2
29-Mar-19,17.1
30-Mar-19,17.2
31-Mar-19,17.1
1-Apr-19,17.1
2-Apr-19,17.1
3-Apr-19,17.1
4-Apr-19,17.2
5-Apr-19,17.1
6-Apr-19,17.2
7-Apr-19,17.4
8-Apr-19,17.8
9-Apr-19,17.6
10-Apr-19,17.7
11-Apr-19,17.6
12-Apr-19,17.7
13-Apr-19,17.7
14-Apr-19,17.9
15-Apr-19,18
16-Apr-19,17.9
17-Apr-19,17.7
18-Apr-19,18
19-Apr-19,18.1
20-Apr-19,17.9
21-Apr-19,17.4
22-Apr-19,17.5
23-Apr-19,17.4
24-Apr-19,17.5
25-Apr-19,17.6
26-Apr-19,18.1
27-Apr-19,18.6
28-Apr-19,19.1
29-Apr-19,18.9
30-Apr-19,19.7
1-May-19,19.7
2-May-19,19.6
3-May-19,19.6
4-May-19,19.6
5-May-19,19.6
6-May-19,19.9
7-May-19,19.7
8-May-19,19.7
9-May-19,19.5
10-May-19,19.6
11-May-19,19.4
12-May-19,19.3
13-May-19,20.2
14-May-19,20.8
15-May-19,21.2
16-May-19,21.6
17-May-19,21.8
18-May-19,21.7
19-May-19,21.6
20-May-19,21.7
21-May-19,21.8
22-May-19,22
23-May-19,22.1
24-May-19,22.6
25-May-19,22.7
26-May-19,22.9
27-May-19,23.3
28-May-19,23.8
29-May-19,24.1
30-May-19,24.9
31-May-19,25.1
1-Jun-19,25
2-Jun-19,25.1
3-Jun-19,25.3
4-Jun-19,25.3
5-Jun-19,25.3
6-Jun-19,24.8
7-Jun-19,24.7
8-Jun-19,25.1
9-Jun-19,25.5
10-Jun-19,25.2
11-Jun-19,25.4
12-Jun-19,25.3
13-Jun-19,25.6
14-Jun-19,25.5
15-Jun-19,25.7
16-Jun-19,25.8
17-Jun-19,25.8
18-Jun-19,25.9
19-Jun-19,26.1
20-Jun-19,26.1
21-Jun-19,26.3
22-Jun-19,26.5
23-Jun-19,26.9
24-Jun-19,27.1
25-Jun-19,27.4
26-Jun-19,28
27-Jun-19,28.3
28-Jun-19,28.6
29-Jun-19,28.4
30-Jun-19,27.5
1-Jul-19,26.8
2-Jul-19,26.3
3-Jul-19,26.1
4-Jul-19,26.6
5-Jul-19,27.2
6-Jul-19,27.1
7-Jul-19,27.5
8-Jul-19,27.9
9-Jul-19,27.9
10-Jul-19,28.4
11-Jul-19,28
12-Jul-19,28.1
13-Jul-19,27.7
14-Jul-19,27.9
15-Jul-19,27.6
16-Jul-19,27.6
17-Jul-19,27.6
18-Jul-19,27.6
19-Jul-19,27.8
20-Jul-19,28.3
21-Jul-19,28.3
22-Jul-19,28.2
23-Jul-19,28.1
24-Jul-19,27.9
25-Jul-19,27.9
26-Jul-19,28.1
27-Jul-19,28.6
28-Jul-19,28.6
29-Jul-19,28.1
30-Jul-19,28.4
31-Jul-19,28.6
1-Aug-19,28.7
2-Aug-19,28.9
3-Aug-19,28.9
4-Aug-19,29.4
5-Aug-19,29.2
6-Aug-19,29.2
7-Aug-19,29
8-Aug-19,29
9-Aug-19,29.1
10-Aug-19,29.3
11-Aug-19,29.1
12-Aug-19,29
13-Aug-19,28.8
14-Aug-19,28.6
15-Aug-19,28.8
16-Aug-19,29.2
17-Aug-19,29.2
18-Aug-19,28.9
19-Aug-19,28.5
20-Aug-19,28.4
21-Aug-19,28.4
22-Aug-19,28.4
23-Aug-19,28.5
24-Aug-19,28.6
25-Aug-19,28.6
26-Aug-19,28.8
27-Aug-19,29.1
28-Aug-19,29.2
29-Aug-19,29
30-Aug-19,29
31-Aug-19,29.2
1-Sep-19,29
2-Sep-19,29.1
3-Sep-19,28.8
4-Sep-19,29
5-Sep-19,29
6-Sep-19,29.1
7-Sep-19,29
8-Sep-19,29.1
9-Sep-19,29.1
10-Sep-19,29.1
11-Sep-19,29
12-Sep-19,29.2
13-Sep-19,29
14-Sep-19,28.8
15-Sep-19,28.6
16-Sep-19,28.3
17-Sep-19,28.4
18-Sep-19,28.2
19-Sep-19,28.3
20-Sep-19,28.2
21-Sep-19,28.3
22-Sep-19,28
23-Sep-19,27.6
24-Sep-19,27.5
25-Sep-19,27.4
26-Sep-19,27.3
27-Sep-19,27.5
28-Sep-19,27.5
29-Sep-19,27.5
30-Sep-19,27.3
1-Oct-19,27.6
2-Oct-19,27.3
3-Oct-19,27.4
4-Oct-19,27.1
5-Oct-19,27.2
6-Oct-19,27
7-Oct-19,27.1
8-Oct-19,27.1
9-Oct-19,26.9
10-Oct-19,26.8
11-Oct-19,26.5
12-Oct-19,26.7
13-Oct-19,26.5
14-Oct-19,26.3
15-Oct-19,26.6
16-Oct-19,26.2
17-Oct-19,26
18-Oct-19,26
19-Oct-19,25.7
20-Oct-19,25.6
21-Oct-19,25.4
22-Oct-19,25.4
23-Oct-19,25.4
24-Oct-19,25.1
25-Oct-19,25
26-Oct-19,25
27-Oct-19,25
28-Oct-19,24.8
29-Oct-19,25
30-Oct-19,24.7
31-Oct-19,24.6
1-Nov-19,24.9
2-Nov-19,24.5
3-Nov-19,24.3
4-Nov-19,24
5-Nov-19,24.1
6-Nov-19,24
7-Nov-19,24.1
8-Nov-19,23.8
9-Nov-19,23.9
10-Nov-19,23.7
11-Nov-19,23.5
12-Nov-19,23.7
13-Nov-19,23.2
14-Nov-19,22.9
15-Nov-19,23.3
16-Nov-19,23.2
17-Nov-19,23
18-Nov-19,22.9
19-Nov-19,22.9
20-Nov-19,22.8
21-Nov-19,22.6
22-Nov-19,22.7
23-Nov-19,22.3
24-Nov-19,22.1
25-Nov-19,21.9
26-Nov-19,21.7
27-Nov-19,22
28-Nov-19,21.8
29-Nov-19,21.9
30-Nov-19,21.6
1-Dec-19,21.7
2-Dec-19,21.6
3-Dec-19,21.3
4-Dec-19,21.5
5-Dec-19,21.3
6-Dec-19,20.9
7-Dec-19,20.8
8-Dec-19,20.7
9-Dec-19,20.5
10-Dec-19,20.4
11-Dec-19,20.2
12-Dec-19,20.5
13-Dec-19,20.4
14-Dec-19,20.3
15-Dec-19,19.8
16-Dec-19,19.7
17-Dec-19,19.8
18-Dec-19,20
19-Dec-19,20.2
20-Dec-19,19.9
21-Dec-19,19.8
22-Dec-19,19.7
23-Dec-19,19.5
24-Dec-19,19.3
25-Dec-19,19.2
26-Dec-19,19.3
27-Dec-19,19.5
28-Dec-19,19.2
29-Dec-19,19.2
30-Dec-19,18.9
31-Dec-19,18.9
1-Jan-20,18.9
2-Jan-20,18.8
3-Jan-20,18.9
4-Jan-20,19
5-Jan-20,18.9
6-Jan-20,18.7
7-Jan-20,18.8
8-Jan-20,18.7
9-Jan-20,19.2
10-Jan-20,19
11-Jan-20,18.9
12-Jan-20,18.7
13-Jan-20,18.7
14-Jan-20,18.6
15-Jan-20,18.4
16-Jan-20,18.3
17-Jan-20,18.5
18-Jan-20,18.6
19-Jan-20,18.8
20-Jan-20,18.6
21-Jan-20,18.6
22-Jan-20,18.3
23-Jan-20,18.3
24-Jan-20,18.4
25-Jan-20,18.2
26-Jan-20,17.9
27-Jan-20,17.8
28-Jan-20,17.6
29-Jan-20,17.6
30-Jan-20,17.8
31-Jan-20,17.8
1-Feb-20,17.9
2-Feb-20,17.7
3-Feb-20,17.7
4-Feb-20,17.8
5-Feb-20,17.4
6-Feb-20,17.9
7-Feb-20,17.5
8-Feb-20,17.4
9-Feb-20,17.4
10-Feb-20,17.2
11-Feb-20,17.2
12-Feb-20,17.1
13-Feb-20,17.1
14-Feb-20,17.1
15-Feb-20,17
16-Feb-20,16.6
17-Feb-20,16.6
18-Feb-20,16.5
19-Feb-20,16.5
20-Feb-20,16.4
21-Feb-20,16.8
22-Feb-20,16.7
23-Feb-20,16.5
24-Feb-20,16.5
25-Feb-20,16.7
26-Feb-20,16.7
27-Feb-20,16.7
28-Feb-20,16.6
29-Feb-20,16.7
1-Mar-20,16.6
2-Mar-20,16.6
3-Mar-20,16.6
4-Mar-20,16.6
5-Mar-20,16.4
6-Mar-20,16.6
7-Mar-20,16.7
8-Mar-20,16.8
9-Mar-20,17
10-Mar-20,17
11-Mar-20,17.1
12-Mar-20,17
13-Mar-20,16.7
14-Mar-20,16.6
15-Mar-20,17
16-Mar-20,17
17-Mar-20,17.1
18-Mar-20,16.8
19-Mar-20,16.7
20-Mar-20,16.7
21-Mar-20,16.6
22-Mar-20,16.6
23-Mar-20,16.5
24-Mar-20,16.6
25-Mar-20,16.6
26-Mar-20,16.7
27-Mar-20,16.7
28-Mar-20,16.8
29-Mar-20,16.8
30-Mar-20,16.9
31-Mar-20,16.9
1-Apr-20,17
2-Apr-20,17.1
3-Apr-20,16.9
4-Apr-20,17
5-Apr-20,17.1
6-Apr-20,17.2
7-Apr-20,17.5
8-Apr-20,17.3
9-Apr-20,17.5
10-Apr-20,17.7
11-Apr-20,17.7
12-Apr-20,17.7
13-Apr-20,17.8
14-Apr-20,18.3
15-Apr-20,18
16-Apr-20,18.4
17-Apr-20,18.7
18-Apr-20,18.5
19-Apr-20,18.5
20-Apr-20,18.5
21-Apr-20,18.5
22-Apr-20,19.1
23-Apr-20,19
24-Apr-20,18.8
25-Apr-20,18.8
26-Apr-20,18.8
27-Apr-20,19
28-Apr-20,19
29-Apr-20,19.2
30-Apr-20,19.4
1-May-20,19.5
2-May-20,19.5
3-May-20,19.6
4-May-20,19.5
5-May-20,19.8
6-May-20,19.5
7-May-20,19.6
8-May-20,19.9
9-May-20,19.8
10-May-20,20.2
11-May-20,20
12-May-20,20.1
13-May-20,21.5
14-May-20,21.7
15-May-20,22.3
16-May-20,23.4
17-May-20,24
18-May-20,24.1
19-May-20,24.6
20-May-20,24.9
21-May-20,25
22-May-20,23.7
23-May-20,22.8
24-May-20,21.7
25-May-20,21.3
26-May-20,20.7
27-May-20,20.8
28-May-20,20.7
29-May-20,20.4
30-May-20,20.7
31-May-20,21.1
1-Jun-20,21
2-Jun-20,20.5
3-Jun-20,20.8
4-Jun-20,21.1
5-Jun-20,21.3
6-Jun-20,21.6
7-Jun-20,21.8
8-Jun-20,22.2
9-Jun-20,22.6
10-Jun-20,23.2
11-Jun-20,23.3
12-Jun-20,23.5
13-Jun-20,23.6
14-Jun-20,23.8
15-Jun-20,23.8
16-Jun-20,23.8
17-Jun-20,24.3
18-Jun-20,24.8
19-Jun-20,24.6
20-Jun-20,24.3
21-Jun-20,24.2
22-Jun-20,24.2
23-Jun-20,24.4
24-Jun-20,24.5
25-Jun-20,25.2
26-Jun-20,25.8
27-Jun-20,26.3
28-Jun-20,26.3
29-Jun-20,26.5
30-Jun-20,26.9
1-Jul-20,27.2
2-Jul-20,27.4
3-Jul-20,27.5
4-Jul-20,27.9
5-Jul-20,28.2
6-Jul-20,28.2
7-Jul-20,28
8-Jul-20,28
9-Jul-20,28.5
10-Jul-20,28.5
11-Jul-20,28.5
12-Jul-20,28.7
13-Jul-20,28.8
14-Jul-20,28.8
15-Jul-20,29.5
16-Jul-20,29.3
17-Jul-20,29.1
18-Jul-20,29
19-Jul-20,29.4
20-Jul-20,29.5
21-Jul-20,29.8
22-Jul-20,29.5
23-Jul-20,29.2
24-Jul-20,29
25-Jul-20,29.1
26-Jul-20,29.3
27-Jul-20,29.6
28-Jul-20,29.5
29-Jul-20,29.7
30-Jul-20,29.9
31-Jul-20,29.9
1-Aug-20,30
2-Aug-20,29.8
3-Aug-20,29.8
4-Aug-20,30
5-Aug-20,30
6-Aug-20,29.8
7-Aug-20,30.1
8-Aug-20,29.2
9-Aug-20,29.4
10-Aug-20,29.2
11-Aug-20,29.2
12-Aug-20,29.2
13-Aug-20,29.4
14-Aug-20,29.4
15-Aug-20,29
16-Aug-20,28.7
17-Aug-20,28.6
18-Aug-20,28.6
19-Aug-20,28.7
20-Aug-20,28.9
21-Aug-20,28.9
22-Aug-20,28.8
23-Aug-20,28.6
24-Aug-20,28.6
25-Aug-20,28.5
26-Aug-20,28.8
27-Aug-20,28.7
28-Aug-20,29.1
29-Aug-20,29
30-Aug-20,29.2
31-Aug-20,29.3
1-Sep-20,29.1
2-Sep-20,29.7
3-Sep-20,29.4
4-Sep-20,29.3
5-Sep-20,29.1
6-Sep-20,29.1
7-Sep-20,29.2
8-Sep-20,29.5
9-Sep-20,29.8
10-Sep-20,29.4
11-Sep-20,29.3
12-Sep-20,29.1
13-Sep-20,29
14-Sep-20,28.9
15-Sep-20,29.1
16-Sep-20,29.2
17-Sep-20,29
18-Sep-20,29.4
19-Sep-20,29.4
20-Sep-20,29
21-Sep-20,28.8
22-Sep-20,28.9
23-Sep-20,28.7
24-Sep-20,28.7
25-Sep-20,28.6
26-Sep-20,28.5
27-Sep-20,28.2
28-Sep-20,28.5
29-Sep-20,28.5
30-Sep-20,28.2
1-Oct-20,28
2-Oct-20,27.8
3-Oct-20,27.8
4-Oct-20,27.9
5-Oct-20,27.6
6-Oct-20,27.7
7-Oct-20,27.4
8-Oct-20,27.3
9-Oct-20,27.6
10-Oct-20,27.4
11-Oct-20,27.1
12-Oct-20,26.9
13-Oct-20,27
14-Oct-20,26.9
15-Oct-20,26.8
16-Oct-20,26.7
17-Oct-20,26.2
18-Oct-20,26.3
19-Oct-20,26
20-Oct-20,26.3
21-Oct-20,26.1
22-Oct-20,26.2
23-Oct-20,26.2
24-Oct-20,25.9
25-Oct-20,25.5
26-Oct-20,25.4
27-Oct-20,25.6
28-Oct-20,26.1
29-Oct-20,25.7
30-Oct-20,25.5
31-Oct-20,25.5
1-Nov-20,25.3
2-Nov-20,25.2
3-Nov-20,25.1
4-Nov-20,25.1
5-Nov-20,24.6
6-Nov-20,24.3
7-Nov-20,24.4
8-Nov-20,24.2
9-Nov-20,23.9
10-Nov-20,24.2
11-Nov-20,24.3
12-Nov-20,24.2
13-Nov-20,24.3
14-Nov-20,24.1
15-Nov-20,24.1
16-Nov-20,24.1
17-Nov-20,23.9
18-Nov-20,23.8
19-Nov-20,23.7
20-Nov-20,23.7
21-Nov-20,23.6
22-Nov-20,23.7
23-Nov-20,23.6
24-Nov-20,23.5
25-Nov-20,23.4
26-Nov-20,23.2
27-Nov-20,22.7
28-Nov-20,22.6
29-Nov-20,22.3
30-Nov-20,22.2
1-Dec-20,22.6
2-Dec-20,22.4
3-Dec-20,22.1
4-Dec-20,21.9
5-Dec-20,22
6-Dec-20,22.1
7-Dec-20,21.8
8-Dec-20,21.8
9-Dec-20,21.7
10-Dec-20,21.5
11-Dec-20,21.2
12-Dec-20,21
13-Dec-20,20.8
14-Dec-20,20.7
15-Dec-20,20.4
16-Dec-20,20.4
17-Dec-20,20.4
18-Dec-20,20.3
19-Dec-20,20.4
20-Dec-20,20.4
21-Dec-20,20.4
22-Dec-20,20.5
23-Dec-20,20.6
24-Dec-20,20.2
25-Dec-20,19.9
26-Dec-20,19.7
27-Dec-20,19.4
28-Dec-20,19.4
29-Dec-20,19.3
30-Dec-20,19.6
31-Dec-20,19.8
1-Jan-21,19.5
2-Jan-21,20
3-Jan-21,19.9
4-Jan-21,19.6
5-Jan-21,19.5
6-Jan-21,19.2
7-Jan-21,19.4
8-Jan-21,19.3
9-Jan-21,19.2
10-Jan-21,19.1
11-Jan-21,19
12-Jan-21,18.9
13-Jan-21,19.3
14-Jan-21,19.4
15-Jan-21,19.4
16-Jan-21,19.2
17-Jan-21,19.2
18-Jan-21,19.1
19-Jan-21,19.1
20-Jan-21,18.8
21-Jan-21,18.6
22-Jan-21,18.4
23-Jan-21,18.2
24-Jan-21,18.3
25-Jan-21,18.2
26-Jan-21,18.2
27-Jan-21,18.2
28-Jan-21,18.1
29-Jan-21,18.2
30-Jan-21,17.7
31-Jan-21,17.7
1-Feb-21,17.6
2-Feb-21,17.5
3-Feb-21,17
4-Feb-21,17.2
5-Feb-21,17.4
6-Feb-21,17.4
7-Feb-21,17.3
8-Feb-21,17.3
9-Feb-21,17.5
10-Feb-21,17.6
11-Feb-21,17.2
12-Feb-21,17.7
13-Feb-21,17.6
14-Feb-21,17.8
15-Feb-21,17.8
16-Feb-21,17.9
17-Feb-21,17.8
18-Feb-21,17.5
19-Feb-21,17.8
20-Feb-21,17.6
21-Feb-21,17.3
22-Feb-21,17.4
23-Feb-21,17.5
24-Feb-21,17.7
25-Feb-21,17.4
26-Feb-21,17.2
27-Feb-21,17.5
28-Feb-21,17.6
1-Mar-21,17.6
2-Mar-21,17.5
3-Mar-21,17.7
4-Mar-21,17.7
5-Mar-21,17.7
6-Mar-21,17.2
7-Mar-21,17.7
8-Mar-21,17.5
9-Mar-21,17.5
10-Mar-21,17.6
11-Mar-21,17.4
12-Mar-21,17.7
13-Mar-21,17.6
14-Mar-21,17.4
15-Mar-21,17.6
16-Mar-21,17.7
17-Mar-21,17.6
18-Mar-21,17.5
19-Mar-21,17.4
20-Mar-21,17.4
21-Mar-21,17.3
22-Mar-21,17.1
23-Mar-21,17.7
24-Mar-21,17.4
25-Mar-21,17.5
26-Mar-21,17.3
27-Mar-21,17.2
28-Mar-21,17.2
29-Mar-21,17.1
30-Mar-21,17.2
31-Mar-21,17.4
1-Apr-21,17.3
2-Apr-21,16.8
3-Apr-21,17.2
4-Apr-21,17.2
5-Apr-21,17.1
6-Apr-21,17.1
7-Apr-21,17.9
8-Apr-21,17.8
9-Apr-21,17.6
10-Apr-21,17.5
11-Apr-21,17.3
12-Apr-21,17.1
13-Apr-21,17.2
14-Apr-21,17.1
15-Apr-21,17.1
16-Apr-21,17.1
17-Apr-21,17.1
18-Apr-21,17.2
19-Apr-21,17.3
20-Apr-21,18.3
21-Apr-21,18.2
22-Apr-21,18.6
23-Apr-21,18.7
24-Apr-21,19
25-Apr-21,19.5
26-Apr-21,19.8
27-Apr-21,19.5
28-Apr-21,19.5
29-Apr-21,19.7
30-Apr-21,20.3
1-May-21,21.1
2-May-21,21.4
3-May-21,21.1
4-May-21,22.2
5-May-21,22.6
6-May-21,23
7-May-21,22.6
8-May-21,22.4
9-May-21,22.3
10-May-21,22
11-May-21,21.8
12-May-21,22
13-May-21,22.3
14-May-21,22.4
15-May-21,22.5
16-May-21,22.7
17-May-21,23.2
18-May-21,22.7
19-May-21,22.9
20-May-21,23.2
21-May-21,23.1
22-May-21,22.3
23-May-21,22.1
24-May-21,21.9
25-May-21,21.7
26-May-21,22.2
27-May-21,22.5
28-May-21,22.4
29-May-21,23
30-May-21,23
31-May-21,23
1-Jun-21,22.9
2-Jun-21,23.1
3-Jun-21,22.7
4-Jun-21,22.6
5-Jun-21,22.5
6-Jun-21,22.2
7-Jun-21,22
8-Jun-21,22.7
9-Jun-21,23.4
10-Jun-21,23.3
11-Jun-21,23.7
12-Jun-21,24
13-Jun-21,24
14-Jun-21,24.1
15-Jun-21,24.1
16-Jun-21,24.1
17-Jun-21,24.4
18-Jun-21,24.3
19-Jun-21,24.6
20-Jun-21,24.8
21-Jun-21,25.2
22-Jun-21,25.3
23-Jun-21,25.8
24-Jun-21,26.3
25-Jun-21,26.5
26-Jun-21,26.5
27-Jun-21,26.6
28-Jun-21,27.3
29-Jun-21,27.4
30-Jun-21,27.3
1-Jul-21,27.5
2-Jul-21,27.6
3-Jul-21,27.7
4-Jul-21,27.4
5-Jul-21,26.8
6-Jul-21,27.3
7-Jul-21,27.3
8-Jul-21,27.8
9-Jul-21,28
10-Jul-21,28
11-Jul-21,28
12-Jul-21,28.6
13-Jul-21,28.5
14-Jul-21,29.1
15-Jul-21,29
16-Jul-21,28.8
17-Jul-21,28.9
18-Jul-21,29.2
19-Jul-21,29
20-Jul-21,29
21-Jul-21,29.1
22-Jul-21,29.4
23-Jul-21,28.9
24-Jul-21,29.1
25-Jul-21,29
26-Jul-21,29.1
27-Jul-21,29.2
28-Jul-21,29.3
29-Jul-21,29
30-Jul-21,29
31-Jul-21,29.1
1-Aug-21,29.1
2-Aug-21,29.4
3-Aug-21,29.3
4-Aug-21,29.6
5-Aug-21,29.7
6-Aug-21,29.6
7-Aug-21,29.8
8-Aug-21,29.7
9-Aug-21,29.6
10-Aug-21,29.4
11-Aug-21,29.2
12-Aug-21,29
13-Aug-21,28.9
14-Aug-21,28.9
15-Aug-21,28.6
16-Aug-21,28.6
17-Aug-21,28.5
18-Aug-21,28.7
19-Aug-21,28.8
20-Aug-21,29.2
21-Aug-21,29.5
22-Aug-21,29.3
23-Aug-21,29.4
24-Aug-21,29.6
25-Aug-21,29.6
26-Aug-21,29.7
27-Aug-21,29.7
28-Aug-21,29.7
29-Aug-21,29.8
30-Aug-21,29.4
31-Aug-21,29.4
1-Sep-21,29.4
2-Sep-21,29.9
3-Sep-21,29.4
4-Sep-21,29.2
5-Sep-21,28.9
6-Sep-21,29.2
7-Sep-21,29
8-Sep-21,28.9
9-Sep-21,29
10-Sep-21,28.9
11-Sep-21,28.7
12-Sep-21,28.6
13-Sep-21,28.5
14-Sep-21,28.5
15-Sep-21,28.7
16-Sep-21,28.3
17-Sep-21,28.1
18-Sep-21,27.8
19-Sep-21,27.6
20-Sep-21,28
21-Sep-21,28
22-Sep-21,27.8
23-Sep-21,27.5
24-Sep-21,26.9
25-Sep-21,26.4
26-Sep-21,26.8
27-Sep-21,26.9
28-Sep-21,27
29-Sep-21,27.1
30-Sep-21,27
1-Oct-21,26.9
2-Oct-21,26.8
3-Oct-21,27
4-Oct-21,26.7
5-Oct-21,26.5
6-Oct-21,26.3
7-Oct-21,26.3
8-Oct-21,26.2
9-Oct-21,26.2
10-Oct-21,25.9
11-Oct-21,25.9
12-Oct-21,26.3
13-Oct-21,26.2
14-Oct-21,25.5
15-Oct-21,25.6
16-Oct-21,25.7
17-Oct-21,25.6
18-Oct-21,25.5
19-Oct-21,25.4
20-Oct-21,24.9
21-Oct-21,24.6
22-Oct-21,24.6
23-Oct-21,24.3
24-Oct-21,24.3
25-Oct-21,24.3
26-Oct-21,24.1
27-Oct-21,23.9
28-Oct-21,23.8
29-Oct-21,23.7
30-Oct-21,23.6
31-Oct-21,23.4
1-Nov-21,23.3
2-Nov-21,23.4
3-Nov-21,23.3
4-Nov-21,23.3
5-Nov-21,23.3
6-Nov-21,23.4
7-Nov-21,23.5
8-Nov-21,23.5
9-Nov-21,23.1
10-Nov-21,23.1
11-Nov-21,22.8
12-Nov-21,22.2
13-Nov-21,22.4
14-Nov-21,22.1
15-Nov-21,22.3
16-Nov-21,21.9
17-Nov-21,21.7
18-Nov-21,22.1
19-Nov-21,21.9
20-Nov-21,22.1
21-Nov-21,22
22-Nov-21,21.8
23-Nov-21,21.9
24-Nov-21,21.7
25-Nov-21,21.8
26-Nov-21,21.6
27-Nov-21,21.6
28-Nov-21,21
29-Nov-21,20.8
30-Nov-21,21.3
1-Dec-21,21.4
2-Dec-21,20.5
3-Dec-21,20.4
4-Dec-21,20.3
5-Dec-21,20.6
6-Dec-21,20.7
7-Dec-21,20.6
8-Dec-21,20.3
9-Dec-21,20.2
10-Dec-21,20.3
11-Dec-21,20.3
12-Dec-21,19.7
13-Dec-21,19.9
14-Dec-21,19.8
15-Dec-21,20.2
16-Dec-21,19.5
17-Dec-21,19.9
18-Dec-21,19.8
19-Dec-21,20
20-Dec-21,20
21-Dec-21,19.8
22-Dec-21,19.6
23-Dec-21,19.7
24-Dec-21,19.4
25-Dec-21,19.1
26-Dec-21,19.1
27-Dec-21,19.4
28-Dec-21,19.8
29-Dec-21,19.6
30-Dec-21,19.4
31-Dec-21,19.3
1-Jan-22,19
2-Jan-22,19.5
3-Jan-22,19.2
4-Jan-22,19.3
5-Jan-22,19.2
6-Jan-22,19
7-Jan-22,18.8
8-Jan-22,19.2
9-Jan-22,19.4
10-Jan-22,19.2
11-Jan-22,19.1
12-Jan-22,18.9
13-Jan-22,18.9
14-Jan-22,18.8
15-Jan-22,18.9
16-Jan-22,18.8
17-Jan-22,18.7
18-Jan-22,18.7
19-Jan-22,18.4
20-Jan-22,18.3
21-Jan-22,18.2
22-Jan-22,18.1
23-Jan-22,18.3
24-Jan-22,18.2
25-Jan-22,18.2
26-Jan-22,18.2
27-Jan-22,18
28-Jan-22,17.9
29-Jan-22,17.8
30-Jan-22,17.7
31-Jan-22,17.9
1-Feb-22,17.7
2-Feb-22,17.8
3-Feb-22,17.6
4-Feb-22,17.8
5-Feb-22,17.1
6-Feb-22,17.2
7-Feb-22,17.2
8-Feb-22,17.3
9-Feb-22,17.6
10-Feb-22,17.5
11-Feb-22,17.3
12-Feb-22,17.5
13-Feb-22,17.1
14-Feb-22,17.2
15-Feb-22,17.3
16-Feb-22,17.1
17-Feb-22,17
18-Feb-22,17
19-Feb-22,17.4
20-Feb-22,17.3
21-Feb-22,17.2
22-Feb-22,17.6
23-Feb-22,17.4
24-Feb-22,17.3
25-Feb-22,17.1
26-Feb-22,17.1
27-Feb-22,17
28-Feb-22,17
1-Mar-22,16.9
2-Mar-22,17.2
3-Mar-22,17.1
4-Mar-22,16.9
5-Mar-22,16.9
6-Mar-22,16.6
7-Mar-22,16.6
8-Mar-22,16.6
9-Mar-22,16.4
10-Mar-22,16.3
11-Mar-22,16.9
12-Mar-22,16.8
13-Mar-22,16.7
14-Mar-22,16.7
15-Mar-22,16.7
16-Mar-22,16.7
17-Mar-22,16.4
18-Mar-22,16.2
19-Mar-22,16.5
20-Mar-22,16.3
21-Mar-22,16.5
22-Mar-22,16.4
23-Mar-22,16.2
24-Mar-22,16.3
25-Mar-22,16.3
26-Mar-22,16.5
27-Mar-22,16.3
28-Mar-22,16.4
29-Mar-22,16.3
30-Mar-22,16.3
31-Mar-22,16.3
1-Apr-22,16.4
2-Apr-22,16.3
3-Apr-22,16.4
4-Apr-22,16.5
5-Apr-22,16.5
6-Apr-22,17.6
7-Apr-22,17.4
8-Apr-22,18.1
9-Apr-22,17.9
10-Apr-22,18.2
11-Apr-22,18.1
12-Apr-22,17.5
13-Apr-22,17.3
14-Apr-22,17.1
15-Apr-22,17.1
16-Apr-22,17.2
17-Apr-22,17.1
18-Apr-22,17.5
19-Apr-22,17.4
20-Apr-22,17.6
21-Apr-22,17.4
22-Apr-22,18.1
23-Apr-22,18.4
24-Apr-22,19
25-Apr-22,19.4
26-Apr-22,19.5
27-Apr-22,19.6
28-Apr-22,20.1
29-Apr-22,20.1
30-Apr-22,20
1-May-22,20.5
2-May-22,19.8
3-May-22,20
4-May-22,19.9
5-May-22,19.2
6-May-22,18.7
7-May-22,19.2
8-May-22,19.1
9-May-22,18.6
10-May-22,19.3
11-May-22,19.4
12-May-22,19.6
13-May-22,19.4
14-May-22,20.3
15-May-22,20.1
16-May-22,20.6
17-May-22,21.2
18-May-22,21.4
19-May-22,21
20-May-22,20.9
21-May-22,21.5
22-May-22,21.1
23-May-22,21.7
24-May-22,21.3
25-May-22,21.7
26-May-22,22.7
27-May-22,23.2
28-May-22,23.5
29-May-22,24.1
30-May-22,24.3
31-May-22,23.9
1-Jun-22,24.1
2-Jun-22,24.4
3-Jun-22,24.8
4-Jun-22,24.6
5-Jun-22,24.7
6-Jun-22,25
7-Jun-22,25.4
8-Jun-22,25.3
9-Jun-22,25.8
10-Jun-22,25.9
11-Jun-22,25.9
12-Jun-22,26
13-Jun-22,26.1
14-Jun-22,26
15-Jun-22,26.1
16-Jun-22,26.3
17-Jun-22,26.6
18-Jun-22,26.9
19-Jun-22,26.7
20-Jun-22,26.8
21-Jun-22,27.1
22-Jun-22,26.4
23-Jun-22,26.2
24-Jun-22,25.6
25-Jun-22,25.4
26-Jun-22,24.6
27-Jun-22,24.5
28-Jun-22,24.7
29-Jun-22,25.3
30-Jun-22,25.8
1-Jul-22,26.3
2-Jul-22,27
3-Jul-22,26.7
4-Jul-22,26.6
5-Jul-22,26.6
6-Jul-22,26.7
7-Jul-22,27
8-Jul-22,27.2
9-Jul-22,27.4
10-Jul-22,27.9
11-Jul-22,27.9
12-Jul-22,28.1
13-Jul-22,27.9
14-Jul-22,28.2
15-Jul-22,28.1
16-Jul-22,28.6
17-Jul-22,28.6
18-Jul-22,28.5
19-Jul-22,28.3
20-Jul-22,28.2
21-Jul-22,28
22-Jul-22,27.8
23-Jul-22,28.1
24-Jul-22,28
25-Jul-22,27.8
26-Jul-22,28.1
27-Jul-22,28.4
28-Jul-22,28.4
29-Jul-22,29
30-Jul-22,28.9
31-Jul-22,29.2
1-Aug-22,29
2-Aug-22,29.4
3-Aug-22,29.4
4-Aug-22,29.8
5-Aug-22,29.3
6-Aug-22,29.7
7-Aug-22,29.8
8-Aug-22,29.3
9-Aug-22,29.3
10-Aug-22,29.7
11-Aug-22,29.7
12-Aug-22,30
13-Aug-22,29.7
14-Aug-22,29.9
15-Aug-22,30.1
16-Aug-22,29.7
17-Aug-22,30.2
18-Aug-22,30
19-Aug-22,29.9
20-Aug-22,29.6
21-Aug-22,29.5
22-Aug-22,29.9
23-Aug-22,29.9
24-Aug-22,29.5
25-Aug-22,29.8
26-Aug-22,29.4
27-Aug-22,29.3
28-Aug-22,29.2
29-Aug-22,29.3
30-Aug-22,29.2
31-Aug-22,29.3
1-Sep-22,29.2
2-Sep-22,29.2
3-Sep-22,29
4-Sep-22,29
5-Sep-22,29.1
6-Sep-22,28.9
7-Sep-22,28.6
8-Sep-22,28.4
9-Sep-22,28.2
10-Sep-22,28.3
11-Sep-22,28.2
12-Sep-22,28.2
13-Sep-22,28.5
14-Sep-22,28.5
15-Sep-22,28.5
16-Sep-22,28.3
17-Sep-22,28.4
18-Sep-22,28.4
19-Sep-22,28.2
20-Sep-22,28
21-Sep-22,28.2
22-Sep-22,28.2
23-Sep-22,27.9
24-Sep-22,27.8
25-Sep-22,27.4
26-Sep-22,27.3
27-Sep-22,27.2
28-Sep-22,27.1
29-Sep-22,27
30-Sep-22,27.3
1-Oct-22,27.5
2-Oct-22,27
3-Oct-22,26.8
4-Oct-22,26.9
5-Oct-22,26.7
6-Oct-22,26.4
7-Oct-22,26.5
8-Oct-22,26.3
9-Oct-22,26.2
10-Oct-22,26
11-Oct-22,25.9
12-Oct-22,25.9
13-Oct-22,25.5
14-Oct-22,25.1
15-Oct-22,25
16-Oct-22,24.9
17-Oct-22,24.8
18-Oct-22,25.1
19-Oct-22,24.6
20-Oct-22,24.7
21-Oct-22,25.1
22-Oct-22,24.8
23-Oct-22,24.6
24-Oct-22,24.6
25-Oct-22,24.6
26-Oct-22,24.5
27-Oct-22,24.4
28-Oct-22,24.3
29-Oct-22,24.3
30-Oct-22,24.1
31-Oct-22,24
1-Nov-22,23.9
2-Nov-22,24
3-Nov-22,23.7
4-Nov-22,23.8
5-Nov-22,23.6
6-Nov-22,24
7-Nov-22,23.6
8-Nov-22,23.4
9-Nov-22,23.5
10-Nov-22,23.4
11-Nov-22,23.3
12-Nov-22,23.1
13-Nov-22,23
14-Nov-22,23
15-Nov-22,23
16-Nov-22,22.9
17-Nov-22,22.9
18-Nov-22,22.6
19-Nov-22,22.2
20-Nov-22,22
21-Nov-22,22.3
22-Nov-22,22.3
23-Nov-22,22.3
24-Nov-22,21.9
25-Nov-22,22.1
26-Nov-22,22.3
27-Nov-22,21.8
28-Nov-22,21.6
29-Nov-22,21.6
30-Nov-22,21.2
1-Dec-22,21.4
2-Dec-22,21.5
3-Dec-22,21.4
4-Dec-22,21.4
5-Dec-22,21.3
6-Dec-22,21.1
7-Dec-22,21.2
8-Dec-22,21
9-Dec-22,21
10-Dec-22,20.8
11-Dec-22,20.6
12-Dec-22,20.5
13-Dec-22,20.3
14-Dec-22,19.9
15-Dec-22,19.7
16-Dec-22,19.5
17-Dec-22,18.8
18-Dec-22,19.1
19-Dec-22,19.6
20-Dec-22,20
21-Dec-22,19.8
22-Dec-22,19.8
23-Dec-22,20
24-Dec-22,20
25-Dec-22,20.3
26-Dec-22,20.2
27-Dec-22,20.1
28-Dec-22,19.8
29-Dec-22,19.7
30-Dec-22,19.8
31-Dec-22,19.9
1-Jan-23,19.7
2-Jan-23,19.8
3-Jan-23,19.8
4-Jan-23,19.7
5-Jan-23,19.7
6-Jan-23,19.4
7-Jan-23,19.5
8-Jan-23,19.4
9-Jan-23,19.2
10-Jan-23,19
11-Jan-23,18.9
12-Jan-23,18.8
13-Jan-23,18.7
14-Jan-23,18.6
15-Jan-23,18.5
16-Jan-23,18.7
17-Jan-23,18.5
18-Jan-23,18.2
19-Jan-23,18.3
20-Jan-23,18.3
21-Jan-23,18.2
22-Jan-23,18.3
23-Jan-23,18.3
24-Jan-23,18.4
25-Jan-23,18.1
26-Jan-23,18.1
27-Jan-23,18.2
28-Jan-23,17.8
29-Jan-23,17.8
30-Jan-23,17.9
31-Jan-23,18.2
1-Feb-23,18
2-Feb-23,17.7
3-Feb-23,17.6
4-Feb-23,17.5
5-Feb-23,17.5
6-Feb-23,17.7
7-Feb-23,17.6
8-Feb-23,17.5
9-Feb-23,17.5
10-Feb-23,17.6
11-Feb-23,17.4
12-Feb-23,17.3
13-Feb-23,17.4
14-Feb-23,17.4
15-Feb-23,17.4
16-Feb-23,17.2
17-Feb-23,17.2
18-Feb-23,17.1
19-Feb-23,17.1
20-Feb-23,17.4
21-Feb-23,17.1
22-Feb-23,17.1
23-Feb-23,17.1
24-Feb-23,17.1
25-Feb-23,17
26-Feb-23,16.9
27-Feb-23,16.8
28-Feb-23,16.6
1-Mar-23,16.9
2-Mar-23,16.7
3-Mar-23,16.9
4-Mar-23,16.7
5-Mar-23,17.1
6-Mar-23,17.2
7-Mar-23,17.1
8-Mar-23,17.5
9-Mar-23,17.2
10-Mar-23,17.3
11-Mar-23,17.3
12-Mar-23,17.2
13-Mar-23,17.3
14-Mar-23,17
15-Mar-23,17
16-Mar-23,17.5
17-Mar-23,17.1
18-Mar-23,16.9
19-Mar-23,17.2
20-Mar-23,17
21-Mar-23,17
22-Mar-23,16.7
23-Mar-23,16.8
24-Mar-23,17.1
25-Mar-23,17.3
26-Mar-23,17.2
27-Mar-23,17.5
28-Mar-23,17.6
29-Mar-23,17.5
30-Mar-23,17.2
31-Mar-23,16.8
1-Apr-23,16.9
2-Apr-23,16.8
3-Apr-23,17.1
4-Apr-23,17.3
5-Apr-23,17.3
6-Apr-23,17.7
7-Apr-23,17.3
8-Apr-23,17.4
9-Apr-23,17.4
10-Apr-23,17
11-Apr-23,17.1
12-Apr-23,17.3
13-Apr-23,17.2
14-Apr-23,17.2
15-Apr-23,17.4
16-Apr-23,17.8
17-Apr-23,18.1
18-Apr-23,18.3
19-Apr-23,18.4
20-Apr-23,18.5
21-Apr-23,18.4
22-Apr-23,18.3
23-Apr-23,18.5
24-Apr-23,18.4
25-Apr-23,18.5
26-Apr-23,18.8
27-Apr-23,18.8
28-Apr-23,18.8
29-Apr-23,18.6
30-Apr-23,18.2
1-May-23,20.5
2-May-23,19.8
3-May-23,20
4-May-23,19.9
5-May-23,19.2
6-May-23,18.7
7-May-23,19.2
8-May-23,19.1
9-May-23,18.6
10-May-23,19.3
11-May-23,19.4
12-May-23,19.6
13-May-23,19.4
14-May-23,20.3
15-May-23,20.1
16-May-23,20.6
17-May-23,21.2
18-May-23,21.4
19-May-23,21
20-May-23,20.9
21-May-23,21.5
22-May-23,21.1
23-May-23,21.7
24-May-23,21.3
25-May-23,21.7
26-May-23,22.7
27-May-23,23.2
28-May-23,23.5
29-May-23,24.1
30-May-23,24.3
31-May-23,23.9
1-Jun-23,22.6
2-Jun-23,21.7
3-Jun-23,22.4
4-Jun-23,22.3
5-Jun-23,22.6
6-Jun-23,22.9
7-Jun-23,23.6
8-Jun-23,23.7
9-Jun-23,23.9
10-Jun-23,24
11-Jun-23,24
12-Jun-23,24.2
13-Jun-23,24.5
14-Jun-23,24.7
15-Jun-23,25
16-Jun-23,25.1
17-Jun-23,24.8
18-Jun-23,25.1
19-Jun-23,25.4
20-Jun-23,25.5
21-Jun-23,25.2
22-Jun-23,25.5
23-Jun-23,25.4
24-Jun-23,25.5
25-Jun-23,25.4
26-Jun-23,26
27-Jun-23,25.9
28-Jun-23,26.4
29-Jun-23,26.8
30-Jun-23,27.2
1-Jul-23,27.2
2-Jul-23,27.4
3-Jul-23,27.3
4-Jul-23,27.8
5-Jul-23,28.1
6-Jul-23,28
7-Jul-23,28.7
8-Jul-23,28
9-Jul-23,26.7
10-Jul-23,26.6
11-Jul-23,25.8
12-Jul-23,26.1
13-Jul-23,26.9
14-Jul-23,27.1
15-Jul-23,27.6
16-Jul-23,27.6
17-Jul-23,28
18-Jul-23,28
19-Jul-23,28.5
20-Jul-23,28.5
21-Jul-23,28.9
22-Jul-23,29.1
23-Jul-23,29.3
24-Jul-23,28.6
25-Jul-23,28.7
26-Jul-23,28
27-Jul-23,28.5
28-Jul-23,28.6
29-Jul-23,28.7
30-Jul-23,29
31-Jul-23,29.4
1-Aug-23,29.5
2-Aug-23,29.5
3-Aug-23,30
4-Aug-23,30.4
5-Aug-23,30.3
6-Aug-23,30.1
7-Aug-23,30.3
8-Aug-23,30.4
9-Aug-23,30.3
10-Aug-23,30.3
11-Aug-23,30.2
12-Aug-23,30
13-Aug-23,29.4
14-Aug-23,29.3
15-Aug-23,29.5
16-Aug-23,30
17-Aug-23,30.1
18-Aug-23,30.1
19-Aug-23,30.5
20-Aug-23,30.4
21-Aug-23,30.5
22-Aug-23,30.4
23-Aug-23,30.5
24-Aug-23,30.3
25-Aug-23,30.5
26-Aug-23,30.6
27-Aug-23,30.8
28-Aug-23,30.6
29-Aug-23,30.3
30-Aug-23,30.4
31-Aug-23,30.1
1-Sep-23,29.9
2-Sep-23,29.8
3-Sep-23,29.7
4-Sep-23,29.7
5-Sep-23,29.6
6-Sep-23,29.3
7-Sep-23,29.3
8-Sep-23,29.4
9-Sep-23,29.5
10-Sep-23,29.1
11-Sep-23,29
12-Sep-23,28.9
13-Sep-23,28.6
14-Sep-23,28.5
15-Sep-23,28.1
16-Sep-23,28.2
17-Sep-23,28.2
18-Sep-23,28
19-Sep-23,28.1
20-Sep-23,28.2
21-Sep-23,28.1
22-Sep-23,27.7
23-Sep-23,28.2
24-Sep-23,28.1
25-Sep-23,28
26-Sep-23,28.5
27-Sep-23,28.3
28-Sep-23,28.4
29-Sep-23,28.3
30-Sep-23,28.2
1-Oct-23,28.1
2-Oct-23,27.8
3-Oct-23,27.4
4-Oct-23,27.2
5-Oct-23,27.2
6-Oct-23,27.1
7-Oct-23,26.9
8-Oct-23,26.5
9-Oct-23,26.8
10-Oct-23,26.7
11-Oct-23,26.4
12-Oct-23,26.6
13-Oct-23,26.7
14-Oct-23,26.5
15-Oct-23,26.2
16-Oct-23,26.5
17-Oct-23,26.4
18-Oct-23,26.5
19-Oct-23,26.4
20-Oct-23,26.1
21-Oct-23,26.1
22-Oct-23,25.9
23-Oct-23,25.7
24-Oct-23,26.2
25-Oct-23,25.8
26-Oct-23,25.7
27-Oct-23,25.9
28-Oct-23,25.7
29-Oct-23,25.6
30-Oct-23,25.8
31-Oct-23,25.9
1-Nov-23,25.5
2-Nov-23,25.7
3-Nov-23,25.5
4-Nov-23,25.6
5-Nov-23,25.7
6-Nov-23,25.4
7-Nov-23,25.2
8-Nov-23,25.4
9-Nov-23,25.3
10-Nov-23,25.2
11-Nov-23,24.8
12-Nov-23,24.8
13-Nov-23,25.5
14-Nov-23,25.3
15-Nov-23,25
16-Nov-23,25
17-Nov-23,24.5
18-Nov-23,24.7
19-Nov-23,24.1
20-Nov-23,23.8
21-Nov-23,23.4
22-Nov-23,22.7
23-Nov-23,23.1
24-Nov-23,22.8
25-Nov-23,23.3
26-Nov-23,23.4
27-Nov-23,22.9
28-Nov-23,22.6
29-Nov-23,22.4
30-Nov-23,22.1
1-Dec-23,21.7
2-Dec-23,21.5
3-Dec-23,21.6
4-Dec-23,21.4
5-Dec-23,21.4
6-Dec-23,21.5
7-Dec-23,21.3
8-Dec-23,21.8
9-Dec-23,21.9
10-Dec-23,21.6
11-Dec-23,21.6
12-Dec-23,21.2
13-Dec-23,21.5
14-Dec-23,21.7
15-Dec-23,21.4
16-Dec-23,21.1
17-Dec-23,21.5
18-Dec-23,21.5
19-Dec-23,21.3
20-Dec-23,21
21-Dec-23,21.1
22-Dec-23,21.1
23-Dec-23,21
24-Dec-23,21
25-Dec-23,20.7
26-Dec-23,20.8
27-Dec-23,21
28-Dec-23,20.8
29-Dec-23,20.8
30-Dec-23,20.8
31-Dec-23,20.5
